priority,campaign,node,node_date,field,claim,verdict,source,notes
"HIGH","allied","dunkirk40","MAY 1940","outcome","Operation Dynamo lifts over 338,000 men off the beaches and mole in nine days — British and French alike — using everything from destroyers to requisitioned civilian pleasure boats, under sustained Luftwaffe attack the whole time.","","",""
"HIGH","allied","sicilyHusky43","JULY – AUGUST 1943","situation","Operation Husky lands in Sicily in July, and the island is largely secured within weeks — but as Patton's Seventh Army and Montgomery's Eighth Army race each other toward Messina from different directions, roughly 100,000 German and Italian troops, along with a substantial amount of their heavy equipment, are evacuating across the narrow strait to the Italian mainland largely unmolested.","","",""
"HIGH","allied","sicilyHusky43","JULY – AUGUST 1943","outcome","A heavier interdiction effort plausibly traps a meaningful fraction of the roughly 100,000 troops who historically escaped to fight again on the Italian mainland — Kesselring's defense of Italy, already stubborn, would have that many fewer veteran troops to build it with.","","",""
"HIGH","allied","sicilyHusky43","JULY – AUGUST 1943","outcome","What happened, and it is one of the more consistently criticized Allied command decisions of the Mediterranean war: the Patton–Montgomery rivalry for the symbolic prize of Messina left the strait itself under-resourced, and the German-organized evacuation moved some 100,000 men and much of their heavy equipment across largely intact — troops who then formed the core of a defense of mainland Italy that ground on for nearly two more years.","","",""
"HIGH","allied","arnhemPerimeter44","SEPTEMBER 21–25, 1944","outcome","What actually happened, the night of September 25th into the 26th: a carefully organized withdrawal across the Rhine in small boats, in darkness, under fire — roughly 2,400 men extracted of the nearly 10,000 who had landed nine days earlier.","","",""
"HIGH","allied","anvilDragoon44","AUGUST 1944","outcome","What happened, August 15, 1944 — Operation Dragoon.","","",""
"HIGH","allied","berlinDecision45","APRIL 1945","outcome","The option a supply line built in September makes available and the historical autumn never did: with fuel that was never the binding constraint, the Ruhr encirclement closes earlier and harder, and Army Group B's collapse — 300,000-odd prisoners, the largest mass surrender of the western war, and a settled historical fact on any timeline — arrives with weeks still on the clock rather than days.","","",""
"HIGH","allied","westernCollapse45","MARCH 1945","situation","What is historical here is the shape of it — Model's Army Group B was encircled in the Ruhr and did surrender en masse, some 300,000 men, and Model shot himself rather than sign; German command in the west genuinely disintegrated faster than any Allied planning assumption expected.","","",""
"HIGH","allied","berlinRace45","APRIL 1945","situation","Ninth Army's spearheads are moving on Berlin against a Red Army that has committed roughly 2.5 million men, over six thousand tanks, and its own considerable urgency to reaching the capital first — Zhukov and Konev's forces are already fighting through the Seelow Heights, forty miles out, in numbers no Western formation approaches.","","",""
"HIGH","allied","dieppe42","AUGUST 1942","outcome","What happened, and it was a disaster by every immediate measure: of roughly 6,000 men landed, well over half were killed, wounded, or captured within hours — overwhelmingly Canadians, a national wound that endures.","","",""
"HIGH","allied","dodecanese43","SEPTEMBER – NOVEMBER 1943","outcome","Kos fell in a day; Leros followed after the war's last successful German airborne assault; some 4,800 British troops went into captivity, with six destroyers lost supporting them.","","",""
"HIGH","allied","falaise44","AUGUST 1944","outcome","The gap stayed partially open for critical days, and while the pocket's closure was still a catastrophe for the German army in the west — perhaps 50,000 captured and 10,000 dead, the roads inside a byword for destruction from the air — a meaningful fraction of personnel escaped east, cadres that rebuilt formations the autumn battles then had to fight again.","","",""
"HIGH","allied","scheldt44","OCTOBER – NOVEMBER 1944","outcome","The Scheldt waited while the autumn's offensives claimed priority, and when the clearing finally came it cost the First Canadian Army nearly 13,000 casualties across flooded polders against a dug-in defense — the first convoy reached Antwerp only at the end of November.","","",""
"HIGH","allied","strategicBombing45","FEBRUARY 1945","outcome","Dresden burned on the night of February 13–14 in a firestorm that killed roughly 25,000 people — the figure established by the 2010 German historical commission, against decades of both inflation and denial — in a city swollen with refugees, weeks before the war's end.","","",""
"HIGH","german","dunkirk","MAY 1940","situation","Tank serviceability in the lead divisions is reported anywhere between 50 and 70 percent, and the whole force is needed intact for the coming push south into France.","","",""
"HIGH","german","dunkirk","MAY 1940","situation","Intelligence estimates of the pocket's strength vary widely: somewhere between 300,000 and 450,000 Allied troops, though nobody can say how many are still combat-effective or how fast the Royal Navy could in fact lift them off a beach under fire.","","",""
"HIGH","german","dunkirk","MAY 1940","outcome","The Royal Navy — with an improvised fleet of destroyers, ferries, and small civilian craft — lifted roughly 338,000 troops in nine days, at the high end of anything your staff thought possible.","","",""
"HIGH","german","bismarckBreakout41","MAY 1941","outcome","Bismarck sank the battlecruiser Hood with a single salvo in the opening engagement — one of the Royal Navy's worst single losses of the war, all but three of her 1,418 crew killed — and the shock of it triggered a pursuit by every heavy unit the Royal Navy could spare.","","",""
"HIGH","german","barbarossa41","MAY – JUNE 1941","outcome","What happened, June 22, 1941 — the decision the entire historical war hangs from.","","",""
"HIGH","german","japanDirection41","JULY 1941","outcome","The Imperial Conference of July 2, 1941 committed Japan south, toward the Dutch East Indies' oil and the resource-rich colonies the embargo made suddenly essential — a decision German pressure had essentially no measurable effect on.","","",""
"HIGH","german","moscowKiev","AUGUST 1941","outcome","The historical choice, and the high-end intelligence estimate turned out closer to true: roughly 660,000 Soviet troops were captured or killed — the largest encirclement in military history, and not Army Group Center's doing alone.","","",""
"HIGH","german","pearlHarbor","DECEMBER 11, 1941","outcome","What happened, December 11, 1941.","","",""
"HIGH","german","herkules42","SPRING 1942","situation","Estimates of Malta's garrison run from 25,000 to over 30,000, dug into rock.","","",""
"HIGH","german","herkules42","SPRING 1942","outcome","The pursuit into Egypt was spectacular for weeks — and then the supply math asserted itself: a 1,500-kilometer supply line from Tripoli, harassed the entire way by an unsuppressed Malta, feeding an army at the very end of its logistical tether.","","",""
"HIGH","german","torch42","NOVEMBER 1942","situation","But one asset still sits entirely within reach: the French fleet at Toulon, some 200,000 tons of warships including capital units, anchored and waiting to see who reaches the harbor first.","","",""
"HIGH","german","torch42","NOVEMBER 1942","outcome","What happened, November 11, 1942 — German and Italian forces moved into the Free Zone within three days of Torch.","","",""
"HIGH","german","stalingradPocket","NOVEMBER 1942","outcome","Göring promised 500 tons a day; the airlift averaged closer to 100, against a stated minimum of 500-700 — and the Luftwaffe lost nearly 500 transport aircraft trying, a fleet it never rebuilt.","","",""
"HIGH","german","stalingradPocket","NOVEMBER 1942","outcome","Sixth Army surrendered in February 1943: roughly 91,000 survivors of the encircled quarter-million marched into captivity, of whom perhaps 5,000 ever came home.","","",""
"HIGH","german","blackMay","MAY 1943","outcome","What Dönitz actually did on May 24, 1943, and one of the few clear-eyed loss-cutting decisions of the German war.","","",""
"HIGH","german","kursk","1943","situation","Air reconnaissance and signals intercepts show fortification in depth that exceeds anything previously encountered: minefield densities estimated at up to 2,500 anti-personnel and 2,200 anti-tank mines per kilometer of front in key sectors, anti-tank gun belts arranged in mutually supporting layers, and defensive zones extending back 100 kilometers or more.","","",""
"HIGH","german","vWeaponsProduction44","SPRING 1944","outcome","Over the war's remaining year, roughly 10,000 V-1s and 3,000 V-2s are launched at London and Antwerp, killing several thousand civilians — a real toll, and a fraction of what postwar analysis concludes the same resources would have achieved as fighters or army equipment instead.","","",""
"HIGH","german","bagration44","JUNE 1944","situation","What FHO's confident assessment doesn't know: the Soviet maskirovka effort for this offensive is the largest of the war, radio traffic in the south is theater, and roughly 2.3 million men with overwhelming armor and air support are massing in secret against Army Group Center's estimated 800,000.","","",""
"HIGH","german","bagration44","JUNE 1944","outcome","Operation Bagration hit Army Group Center on June 22 — three years to the day after Barbarossa — and effectively destroyed it: 28 divisions gone, casualties estimated between 300,000 and 450,000, a hole torn in the front that never closed.","","",""
"HIGH","german","bagration44","JUNE 1944","outcome","Army Group Center still gives ground; 2.3 million attackers see to that.","","",""
"HIGH","german","eastStand44","AUGUST 1944","situation","It's still retreating — 2.3 million attackers guarantee that — but three hundred kilometers west of where history's rout ended, a real question exists that the historical summer never got to ask: where does the fighting retreat anchor, and does it turn?","","",""
"HIGH","german","falaiseGerman","AUGUST 1944","outcome","Substantially what happened, corps by corps rather than as one coordinated order: historians put the pocket's total at somewhere between 80,000 and 100,000 men, of whom an estimated 10,000 died and 50,000 were captured — leaving some 20,000 to 40,000 who escaped east through the closing gap in the pocket's final days, many as disorganized remnants rather than intact units, and most of the heavy equipment left behind.","","",""
"HIGH","german","rhineDefense45","MARCH 1945","outcome","It runs the script the historical war already wrote: the historical Ruhr defense ended in April 1945 as the largest encirclement of the entire western war — over 300,000 men in the pocket, and Model, refusing to surrender an army group or to preside over its death, dissolving it by order and walking into a forest with his pistol.","","",""
"HIGH","german","reichStand45","FEBRUARY 1945","situation","There is also a third file, mostly unopened since 1940: Festung Norwegen — nearly 350,000 men, intact, garrisoning a Norway no one has invaded, the largest unspent force the Reich still owns.","","",""
"HIGH","german","fortressNorth45","APRIL – MAY 1945","situation","The northern fortress, activated: Norway's 350,000-man garrison, reinforced by whatever the night convoys across the Skagerrak delivered, stands intact as the Reich's last coherent army — defending a country nobody is attacking.","","",""
"HIGH","german","fortressNorth45","APRIL – MAY 1945","outcome","The cleaner exit: an early, orderly capitulation of the northern fortress — before the continental surrender rather than after it — hands the Allies an occupation they never had to fight for and hands 350,000 men the shortest possible road home.","","",""
"HIGH","italy","nonBelligerence40","JUNE 1940","outcome","What actually happened: Italy declared war on France and Britain on June 10, 1940, four days before Paris fell.","","",""
"HIGH","italy","greeceDecision40","OCTOBER 1940","outcome","What happened: the invasion launched from Albania on October 28, 1940, into weather every planning assumption had bet against, with an army roughly a third the size later staff studies concluded the terrain and Greek resistance actually required.","","",""
"HIGH","italy","greeceWinter40","NOVEMBER 1940 – MARCH 1941","outcome","The historical Badoglio resigned on December 4, 1940 rather than preside over this front any further — a real act, even if it changed nothing about the men still fighting in it.","","",""
"HIGH","italy","compass40","DECEMBER 1940","outcome","What actually happened, and it is the single worst reversal any command in this game presides over: the 'five-day raid' becomes a two-month rout that destroys the Tenth Army as a fighting force, takes some 130,000 Italian prisoners against a few hundred British casualties, and advances 500 miles into Libya before finally outrunning its own supply line near El Agheila.","","",""
"HIGH","italy","matapan41","MARCH 1941","outcome","What actually happened, and it was still a disaster despite the caution: three heavy cruisers and two destroyers, detached to escort the damaged Vittorio Veneto home, are caught by British ships using radar in the dark — a technology Italian doctrine hadn't trained against — and sunk in under an hour with the loss of over 2,300 sailors.","","",""
"HIGH","italy","eastAfrica41","MAY 1941","outcome","What happened: Amba Alagi surrenders on May 19, 1941, after a defense the British commander accepting it publicly praised, and the Duke of Aosta is granted the formal honors of war — allowed to keep his sword — in recognition of a stand that outlasted every reasonable estimate of how long it could hold.","","",""
"HIGH","italy","tobruk42","JUNE 1942","situation","This time the garrison — mostly South African, reinforced hastily — falls in a single day's assault, June 21, 1942, yielding over 30,000 prisoners and, more consequentially for the Axis supply picture, enormous captured stocks of fuel and vehicles the desert campaign has never once had enough of.","","",""
"HIGH","italy","alamein42","OCTOBER – NOVEMBER 1942","outcome","What happened: twelve days of attritional fighting break the Axis line by early November, and what follows is not an orderly withdrawal but a headlong 1,500-mile retreat across Libya that doesn't stop until Tunisia — the beginning of the end for the entire North African campaign, decided as much by the fuel convoys that never arrived as by anything that happened on the battlefield itself.","","",""
"HIGH","italy","tunisiaCollapse43","MAY 1943","outcome","What happened: the last organized Axis resistance in Tunisia surrenders on May 13, 1943, after Messe — the last Axis commander still fighting — is promoted to Field Marshal by radio message hours before the surrender, largely so he would not have to surrender at a rank junior to the German commander alongside him.","","",""
"HIGH","italy","tunisiaCollapse43","MAY 1943","outcome","Some 275,000 Axis troops go into captivity, a loss in prisoners alone that rivals Stalingrad's, and North Africa is entirely lost.","","",""
"HIGH","italy","tunisiaCollapse43","MAY 1943","outcome","An earlier surrender spares some of the final week's casualties without changing the campaign's outcome in any respect that matters strategically — the same roughly 275,000 men go into Allied captivity either way, on a timeline that differs by days rather than weeks.","","",""
"HIGH","italy","sicilyHusky43","JULY 1943","outcome","Close to what actually happened: roughly 100,000 Axis troops and their heavy equipment are evacuated across the Strait of Messina over several weeks in August, largely unmolested by an Allied pursuit more focused on racing to Messina than sealing the strait — one of the more consequential missed opportunities of the Mediterranean campaign, from the Allied side, and a real if modest mercy from the Italian one.","","",""
"HIGH","italy","armisticeAnnounce43","SEPTEMBER 8, 1943","situation","What follows in the following seventy-two hours is chaos by design failure rather than by German initiative alone: Comando Supremo issues no coherent general order to the roughly 1.5 million Italian troops now scattered across Italy, the Balkans, and France, leaving individual unit commanders to decide for themselves, with no guidance, whether to resist German forces that begin disarming them within hours under a prepared contingency plan — Operation Achse — that Berlin, unlike Rome, had actually finished writing.","","",""
"HIGH","italy","armisticeAnnounce43","SEPTEMBER 8, 1943","outcome","Some units resist Operation Achse's disarmament attempts (the garrison on Cephalonia fights for days before its survivors are massacred after surrendering); most simply hand over their weapons; roughly 600,000 Italian soldiers are deported to Germany as forced labor in the weeks that follow.","","",""
"HIGH","italy","imiCrisis43","OCTOBER – DECEMBER 1943","situation","Of the roughly 600,000 Italian soldiers disarmed across Italy, the Balkans, and France in the days after the armistice and shipped to Germany, almost none are treated as prisoners of war — not because Berlin disputes that they were soldiers, but because Hitler has personally ordered otherwise.","","",""
"HIGH","italy","monteCassino44","JANUARY – MAY 1944","situation","The Allied advance up the peninsula has stalled for months against the Gustav Line's anchor position at Monte Cassino, a medieval abbey on commanding high ground that four successive Allied offensives — American, British, New Zealand and Indian, Polish — will eventually need to break, at a combined cost that will run past 50,000 Allied casualties before the position finally falls in May.","","",""
"HIGH","italy","romeLiberation44","JUNE 1944","situation","Rome falls to advancing Allied forces on June 4, 1944, two days before Overlord's landings in Normandy make the moment a footnote in most of the world's newspapers within seventy-two hours — a piece of timing that has genuinely irritated Clark's Fifth Army command, whose costly Anzio and Gustav Line campaigns to reach the capital are about to be overshadowed almost entirely by an invasion elsewhere.","","",""
"HIGH","italy","saloRepublic43","SEPTEMBER – OCTOBER 1943","outcome","What Graziani, as the RSI's Minister of Defense, actually attempted: a conscription law that summoned roughly 300,000 men to the colors, of whom perhaps half actually reported — draft evasion into the mountains, often straight into the arms of the partisan bands it was meant to fight, undercut the program from the start.","","",""
"HIGH","shared","rsiCollapse45","to Badoglio, May 1940","bio","Commanded the war's strangest asset: a 350,000-man garrison in a country nobody invaded, intact from 1940 to the end.","","",""
"HIGH","shared","rsiCollapse45","to Badoglio, May 1940","fate","Took his own life in the Berlin bunker on April 30, 1945, days before the surrender, leaving instructions that the war continue.","","",""
"HIGH","shared","rsiCollapse45","to Badoglio, May 1940","fate","Took his own life in the Reich Chancellery on May 1, 1945.","","",""
"HIGH","shared","rsiCollapse45","to Badoglio, May 1940","fate","Convicted by a Czechoslovak court and hanged publicly in Prague on May 22, 1946.","","",""
"HIGH","shared","rsiCollapse45","to Badoglio, May 1940","fate","Captured by British troops attempting to flee in disguise; bit a concealed cyanide capsule and died on May 23, 1945.","","",""
"HIGH","shared","rsiCollapse45","to Badoglio, May 1940","fate","Captured by Soviet forces in May 1945; tried for treason and hanged in Moscow on August 1, 1946.","","",""
"HIGH","shared","rsiCollapse45","to Badoglio, May 1940","fate","Resigned in September 1943 after a series of strokes; died weeks later, on October 21, 1943, of a brain tumor.","","",""
"HIGH","shared","rsiCollapse45","to Badoglio, May 1940","bio","Ran the naval side of the Omaha Beach landings on the morning of June 6, 1944, as the assault stalled on the sand below the bluffs.","","",""
"HIGH","shared","rsiCollapse45","to Badoglio, May 1940","bio","Commanded the corps fighting for a foothold above Omaha Beach on June 11, 1944, days after the landing's costliest hours.","","",""
"HIGH","shared","rsiCollapse45","to Badoglio, May 1940","fate","Captured by Communist partisans fleeing toward Switzerland on April 27, 1945; shot the next day and displayed hanging in a Milan piazza.","","",""
"HIGH","soviet","border41","JUNE 1941","outcome","Order No. 227 was still a year away, but its spirit governed June 1941 already: forward armies held rigid lines and were encircled wholesale — Białystok–Minsk alone cost some 300,000 men in the war's first ten days.","","",""
"HIGH","soviet","smolensk41","JULY – SEPTEMBER 1941","outcome","What happened, and among the costliest single decisions of the entire war on either side: over 600,000 Soviet troops were killed or captured when the Kiev pocket closed in September — the largest encirclement in military history.","","",""
"HIGH","soviet","smolensk41","JULY – SEPTEMBER 1941","outcome","What happened, and among the costliest single decisions of the entire war on either side: over 600,000 Soviet troops were killed or captured when the Kiev pocket closed in September — the largest encirclement in military history.","","",""
"HIGH","soviet","leningrad41","SEPTEMBER 1941","situation","Some 2.5 million civilians remain inside alongside the garrison.","","",""
"HIGH","soviet","leningrad41","SEPTEMBER 1941","outcome","The first winter alone is estimated to have killed several hundred thousand civilians from cold and starvation, part of a total siege death toll historians place between 800,000 and over a million — overwhelmingly civilian, the deadliest single siege in recorded history.","","",""
"HIGH","soviet","leningrad41","SEPTEMBER 1941","outcome","The city held through 872 days of siege, at a civilian cost historians place between 800,000 and over a million.","","",""
"HIGH","soviet","evacuateIndustry41","JULY – NOVEMBER 1941","situation","The scale defies the usual language: over 1,500 major enterprises and some ten million people will move before winter.","","",""
"HIGH","soviet","rzhevSummer42","JULY – AUGUST 1942","outcome","Combined losses across the participating armies passed 290,000; German 9th Army alone lost over 53,000 by mid-September.","","",""
"HIGH","soviet","partisans43","SPRING – SUMMER 1943","situation","By 1943 the partisan movement in the occupied territories has grown from scattered survival into something Moscow can actually direct: perhaps 200,000 armed fighters with radio links to the Central Staff.","","",""
"HIGH","soviet","moscowDefense41","OCTOBER – DECEMBER 1941","outcome","What happened, launched December 5, 1941.","","",""
"HIGH","soviet","rzhev42","NOVEMBER – DECEMBER 1942","outcome","Operation Mars, launched days after Uranus, failed to break the Rzhev salient against a well-prepared defense under Model, at a cost historians estimate above 100,000 Soviet dead — a toll on the scale of Stalingrad's own casualties, for none of its strategic result.","","",""
"HIGH","soviet","stalingradCounter42","NOVEMBER 1942","outcome","The pincers closed roughly 100 kilometers west of Stalingrad, trapping the entire Sixth Army — some 250,000 men — far more completely than a shallower envelopment would have.","","",""
"HIGH","soviet","kurskDefense43","JULY 1943","outcome","What happened, and it worked precisely as planned: minefield densities up to 2,500 per kilometer and anti-tank gun belts arranged in mutually supporting layers absorbed the German offensive's momentum within days.","","",""
"HIGH","soviet","bagrationSoviet44","JUNE 1944","situation","The real blow, some 2.3 million men with overwhelming armor and air support, is massing in secret against Army Group Center.","","",""
"HIGH","soviet","bagrationSoviet44","JUNE 1944","outcome","What happened, launched June 22, 1944 — three years to the day after Barbarossa.","","",""
"HIGH","soviet","bagrationSoviet44","JUNE 1944","outcome","Army Group Center was effectively destroyed: 28 divisions gone, casualties estimated between 300,000 and 450,000, the largest single defeat the German army suffered in the entire war.","","",""
"MED","allied","halifaxCrisis40","LATE MAY 1940","outcome","It is shut down regardless — no historian seriously argues Hitler's actual terms in 1940 were ever acceptable, or that the Cabinet would have accepted them if tested — but the affair leaves Churchill's early premiership visibly less secure than the historical record's cleaner version suggests.","","",""
"MED","allied","europeFirst42","JANUARY 1942","situation","Pearl Harbor has American public opinion leaning hard toward avenging Japan directly — but Roosevelt and Churchill agreed in principle back in 1941 that Germany, not Japan, is the more dangerous long-term threat: greater industrial capacity, closer to the resources that could make it nearly unbeatable if given time.","","",""
"MED","allied","secondFront42","1942","situation","Churchill and General Brooke want the opposite: North Africa first (Torch), judging any 1942 cross-Channel attempt a premature disaster against a still-undefeated Wehrmacht with nowhere near enough landing craft or trained divisions assembled.","","",""
"MED","allied","secondFront42","1942","outcome","Most postwar assessments side with Churchill and Brooke here: American forces in 1942 were green, landing craft were desperately short, and German divisions in France were not yet the hollowed-out garrison force of 1944.","","",""
"MED","allied","secondFront42","1942","outcome","Operation Torch landed in French North Africa in November 1942, giving American troops a lower-stakes combat education against a weaker opponent while the cross-Channel buildup continued in Britain.","","",""
"MED","allied","tehran43","NOVEMBER – DECEMBER 1943","outcome","What happened, in substance: Tehran fixed Overlord for the spring, and Eisenhower's appointment followed within weeks — the unambiguous commitment Stalin had demanded since 1941, delivered at last with a date and soon a name attached.","","",""
"MED","allied","italyOrOverlord43","LATE 1943","outcome","A careful extrapolation of Churchill's actual, ultimately unsuccessful argument: continued heavy investment in Italy does keep meaningful German divisions committed to the peninsula, but at a cost in landing craft, troops, and logistics that a 1944 cross-Channel invasion needs on its own tight schedule.","","",""
"MED","allied","marketGarden44","SEPTEMBER 1944","situation","Montgomery's plan is audacious: airborne divisions seize a chain of bridges across Holland's rivers and canals, opening a corridor for armor to cross the Rhine and outflank the Siegfried Line entirely, potentially ending the war in 1944.","","",""
"MED","allied","marketGarden44","SEPTEMBER 1944","outcome","The Rhine crossing and the war-shortening prize Montgomery was reaching for stay out of 1944's reach either way — this path simply doesn't spend a division finding that out.","","",""
"MED","allied","dieppe42","AUGUST 1942","outcome","Moscow's pressure for visible Western action in 1942 also goes unanswered by anything except the Torch landings months away — a quieter cost, paid in coalition trust.","","",""
"MED","german","channel","AUGUST 1940","outcome","Barbarossa study had, in fact, already begun in parallel with invasion prep by July 1940 — this was never a clean either/or.","","",""
"MED","german","bomberWar43","1943","outcome","Projection of Galland's actual argument, finally adopted at full strength: an undistracted, fighter-heavy Luftwaffe makes the 1943–44 daylight offensive brutally expensive — Schweinfurt-scale loss rates as the norm, not the scandal.","","",""
"MED","german","uranverein43","LATE 1943","situation","There are structural reasons behind that verdict and none of them are money: Bothe's 1941 graphite measurement was contaminated and wrongly ruled out the moderator the Americans went on to use, committing German work to heavy water and therefore to Vemork, which the Allies have been methodically destroying.","","",""
"MED","german","atomicReckoning45","1945","outcome","Dispersal was real German policy under Speer from 1943 onward and it demonstrably did what it attempted — armaments output rose under the heaviest bombing of the war.","","",""
"MED","german","moscowKiev","AUGUST 1941","outcome","Only reachable by banking time twice over — skipping Sea Lion's buildout in 1940 and the Balkans campaign this spring.","","",""
"MED","german","herkules42","SPRING 1942","outcome","After Tobruk fell in June 1942, Rommel's momentum argument won and Herkules was shelved.","","",""
"MED","german","caseBlue","JUNE 1942","outcome","Not a real option on the table historically — Hitler would not tolerate abandoning offensive operations in 1942 — but taken purely on the merits: conserving a force already thinned by the previous year's crisis is the option best supported by the situation you're really in.","","",""
"MED","german","britishCrisis42","AUTUMN 1942","situation","The scholarly consensus is stated first, because it sets the odds: Churchill's position was, by every serious account, close to unassailable, and the war cabinet crisis of May 1940 — the one moment the Halifax faction tested the question of terms — ended with negotiation politically dead.","","",""
"MED","german","easternCollapse1943","EARLY 1943","outcome","Consistent with how Hitler actually responded to bad news on this front throughout the war — every real stand-fast order of the historical retreat, applied here to a collapse two years earlier and total in a way the actual 1943–45 withdrawal never was.","","",""
"MED","german","reconstituted","1943","outcome","Historically, Germany did have to rush divisions into Italy after its September 1943 armistice (Operation Achse) to disarm Italian forces and hold the peninsula.","","",""
"MED","german","stockholmFeelers43","SEPTEMBER – DECEMBER 1943","situation","Contacts of this kind are real and documented: they run across 1943, they touch Alexandrov of the Soviet foreign ministry's Central European desk, and Ribbentrop tolerated the exploration without ever being permitted to pursue it, because Hitler refused.","","",""
"MED","german","stockholmFeelers43","SEPTEMBER – DECEMBER 1943","outcome","It is worth being exact about what was theoretically declined here: the Allied position since Casablanca in January 1943 was unconditional surrender, declared jointly, and any separate eastern armistice required Stalin to break with it publicly.","","",""
"MED","german","hungaryGamble45","JANUARY – MARCH 1945","outcome","Operation Spring Awakening — the last German offensive of the war — attacked at Lake Balaton in March 1945, into terrain the spring thaw had turned to marsh, and failed within two weeks.","","",""
"MED","german","flensburg45","MAY 1945","situation","The Casablanca Conference declared, back in January 1943, that the Allies would accept nothing short of unconditional surrender — a policy that was never aimed only at Hitler's regime specifically.","","",""
"MED","italy","germanRescue41","JANUARY 1941","outcome","What happened: a German expeditionary force under Erwin Rommel begins landing at Tripoli in February 1941, and the Twelfth Army moves into Greece and Yugoslavia in April to finish what the Italian invasion couldn't.","","",""
"MED","italy","gothicLine44","AUGUST – DECEMBER 1944","situation","Kesselring's last major defensive position in Italy runs along the northern Apennines, and the Allied offensive against it through the autumn of 1944 — resourced well below what an earlier, faster campaign might have had, since divisions and landing craft have been steadily withdrawn for the southern France landings and other theaters judged higher priority — grinds to a halt short of the Po valley as winter closes the mountain passes.","","",""
"MED","shared","rsiCollapse45","to Badoglio, May 1940","fate","Dismissed by Hitler in 1944; convicted of war crimes by a British court in 1949, served four years, later advised the postwar West German army.","","",""
"MED","shared","rsiCollapse45","to Badoglio, May 1940","fate","Resigned in 1943 after Hitler threatened to scrap the surface fleet; sentenced to life at Nuremberg, released in 1955.","","",""
"MED","shared","rsiCollapse45","to Badoglio, May 1940","fate","Dismissed by Hitler in September 1942 for the geography's failures; sentenced at the Hostages Trial for Balkan reprisals; released in 1952.","","",""
"MED","shared","rsiCollapse45","to Badoglio, May 1940","bio","Ran military intelligence in 1941 — filtering warnings of Barbarossa to match what Stalin wished to hear — then commanded fronts with mixed results.","","",""
"MED","shared","rsiCollapse45","to Badoglio, May 1940","fate","Died in 1948; his death was later spun into the fabricated 'Doctors' Plot' that fed Stalin's final purge.","","",""
"MED","shared","rsiCollapse45","to Badoglio, May 1940","fate","Resigned in January 1942 over Hitler's no-retreat order; convicted on a minor count at the 1948 High Command Trial and released for time served; died in 1956.","","",""
"MED","shared","rsiCollapse45","to Badoglio, May 1940","bio","Ran the SS apparatus that both sponsored and distrusted Vlasov's Russian Liberation Army, and by late 1944 held the Replacement Army command that shadowed Rommel's forced suicide.","","",""
"MED","shared","rsiCollapse45","to Badoglio, May 1940","bio","Delivered Hitler's ultimatum to Rommel in October 1944 — suicide by poison, framed as a heart attack, in exchange for his family's safety, or a public trial.","","",""
"MED","shared","rsiCollapse45","to Badoglio, May 1940","bio","Ran Soviet military logistics, the unglamorous machinery behind Bagration's June 1944 supply and movement.","","",""
"MED","shared","rsiCollapse45","to Badoglio, May 1940","bio","Pressed the War Cabinet in late May 1940 to explore terms through Mussolini's mediation, the road not taken that Churchill closed off.","","",""
"MED","shared","rsiCollapse45","to Badoglio, May 1940","bio","Denounced the Allies' November 1942 deal recognizing Vichy's Admiral Darlan in North Africa as a betrayal of principle for expedience.","","",""
"MED","shared","rsiCollapse45","to Badoglio, May 1940","bio","Presided over the Tenth Army's destruction in Operation Compass, then returned in 1943 as the Republic of Salò's defense minister, building the only real RSI military the client state had.","","",""
"MED","soviet","border41","JUNE 1941","outcome","Not the historical choice — Stalin's early instinct ran the opposite direction, and few commanders survived arguing for it in June 1941.","","",""
"MED","soviet","border41","JUNE 1941","outcome","Not the historical choice — Stalin's early instinct ran the opposite direction, and few commanders survived arguing for it in June 1941.","","",""
"MED","soviet","stalingradCounter42","NOVEMBER 1942","outcome","Manstein's relief attempt in December came within roughly 30 miles and was stopped; the trapped army surrendered in February 1943, one of the war's genuine turning points.","","",""
"MED","soviet","smolenskGates43","AUGUST – NOVEMBER 1943","situation","The reinforced western axis grinds forward through terrain that explains, kilometer by kilometer, why the historical Stavka weighted south: forest, marsh, and German field fortifications in successive belts — the same ground that will make Bagration's 1944 deception necessary.","","",""
"MED","soviet","bagrationSoviet44","JUNE 1944","outcome","SPECULATIVE in scale, not in kind — the Red Army's rear services did exactly this sort of forward dumping before major operations, and Khrulev spent the war arguing for more of it; what no 1944 front had was the accumulated surplus to do it on the scale this command can now afford.","","",""
"LOW","allied","halifaxCrisis40","LATE MAY 1940","situation","Churchill, six days into the job as Prime Minister, argues the opposite: that any approach at all signals weakness Hitler will exploit, and that the only real choice is to fight on.","","",""
"LOW","allied","halifaxCrisis40","LATE MAY 1940","outcome","What happened, and decisively: Churchill's position carries the Cabinet, Chamberlain's support swings behind him rather than Halifax, and the approach through Mussolini is never made.","","",""
"LOW","allied","halifaxCrisis40","LATE MAY 1940","outcome","What Britain actually gets for fighting on is eighteen months entirely alone — no American troops, no Soviet alliance, just the Battle of Britain, the Blitz, and a war that does not become winnable in any concrete sense until December 1941 changes everything at once.","","",""
"LOW","allied","halifaxCrisis40","LATE MAY 1940","outcome","The disputed version of how close this in truth came: the quiet approach through Rome develops enough momentum that word begins to reach beyond the War Cabinet's own room, and Churchill has to spend real political capital shutting it down rather than simply winning an internal argument.","","",""
"LOW","allied","halifaxCrisis40","LATE MAY 1940","outcome","The likelier reading, and close to what the historical record actually shows: the exploration is raised, argued over for the same three days, and then dropped — Chamberlain's support moves to Churchill, Halifax does not resign over it, and the whole episode stays contained to the room it happened in.","","",""
"LOW","allied","halifaxCrisis40","LATE MAY 1940","outcome","What differs is smaller and more private: a marginally more cautious Churchill, a marginally less certain Cabinet, for a war that was never actually going to end here regardless.","","",""
"LOW","allied","europeFirst42","JANUARY 1942","outcome","The harder sell was political rather than strategic — planners on both sides agreed on Germany's priority — but King's Navy still fought a real internal battle for Pacific resources throughout 1942, winning enough to keep Guadalcanal and the Solomons campaign resourced without formally reversing the Europe First commitment.","","",""
"LOW","allied","europeFirst42","JANUARY 1942","outcome","One considered account of the road not taken: splitting resources evenly satisfies the political pressure to answer Japan directly, at the cost of slowing the European buildup that both Roosevelt and Churchill privately agreed had to come first.","","",""
"LOW","allied","atlanticConvoys42","1942","situation","U-boat wolfpacks are sinking Allied shipping faster than American and British yards can replace it — 1942 will end as the worst year of the tonnage war.","","",""
"LOW","allied","atlanticConvoys42","1942","outcome","Closing the air gap sooner measurably shortens the worst of 1942's shipping losses — at the direct cost of bombs Harris insists could have been falling on German industry instead, a trade this campaign cannot adjudicate cleanly either way.","","",""
"LOW","allied","atlanticConvoys42","1942","outcome","What happened, substantially — the air gap closed slowly through 1942 and into 1943, with codebreaking rather than aircraft numbers doing much of the early work of routing convoys around wolfpacks.","","",""
"LOW","allied","atlanticConvoys42","1942","outcome","It came at a real cost: 1942 remained the Battle of the Atlantic's worst year for tonnage lost, easing only once escort carriers and VLR aircraft both arrived in 1943.","","",""
"LOW","allied","pq17_1942","JULY 4, 1942","outcome","Arctic convoys to the Soviet Union are suspended for months afterward, at exactly the point in the war Stalin's armies most need the material still sitting in Iceland and Scotland waiting for a route judged safe enough to sail.","","",""
"LOW","allied","secondFront42","1942","situation","The alliance's first real fracture line: Stalin is demanding a second front in Europe now, to draw German divisions off the eastern front where the Soviet Union is absorbing the overwhelming majority of the war's land casualties.","","",""
"LOW","allied","secondFront42","1942","situation","General Marshall wants to answer that demand directly — a cross-Channel landing as early as 1942 (Sledgehammer) or 1943 (Roundup), concentrating Anglo-American strength against the shortest road to Germany.","","",""
"LOW","allied","secondFront42","1942","outcome","A 1942 landing attempted at anything like Sledgehammer's scale risks a catastrophe on the order of Dieppe, at army scale rather than raid scale.","","",""
"LOW","allied","secondFront42","1942","quote","I will not throw an army into France to prove our sincerity to Stalin and watch it drown in the Channel for the gesture.","","",""
"LOW","allied","untestedDoctrine44","EARLY 1944","situation","Overlord's planners are working from theory where the historical planners had Dieppe's expensive, specific answers: how naval gunfire actually performs against a defended coast, how quickly specialized armor is needed on the beach rather than behind it, how badly an under-supported frontal assault can go wrong in ways a staff exercise doesn't reveal.","","",""
"LOW","allied","untestedDoctrine44","EARLY 1944","outcome","The cautious answer to a genuine planning gap: without Dieppe's specific lessons to calibrate against, Overlord's staff builds in margin everywhere the missing data might have mattered — more naval gunfire time, more specialized armor variants, more schedule.","","",""
"LOW","allied","untestedDoctrine44","EARLY 1944","outcome","The leaner answer: Overlord proceeds on essentially the historical schedule, built from the same doctrine the historical planners assembled partly from Dieppe and partly from everything else they already knew.","","",""
"LOW","allied","darlanDeal42","NOVEMBER 1942","situation","Operation Torch has landed in French North Africa, and Vichy French forces — honestly uncertain whether to treat the Allies as liberators or invaders — have fought back hard enough in places to cost real casualties before resistance breaks down.","","",""
"LOW","allied","darlanDeal42","NOVEMBER 1942","outcome","What happened, and it caused a real political storm on both sides of the Atlantic: the ceasefire holds within hours, French North Africa's fighting ends, and Eisenhower's own reputation absorbs weeks of press coverage over deal-making with a Vichy admiral.","","",""
"LOW","allied","darlanDeal42","NOVEMBER 1942","outcome","The controversy resolves itself in a way no planner arranged: Darlan is assassinated by a young French monarchist in December, weeks after the deal is struck, and the question of what to do with him becomes moot before the Allies had to answer it themselves.","","",""
"LOW","allied","darlanDeal42","NOVEMBER 1942","outcome","The more forgiving reading of a real toss-up: without Darlan's ceasefire order, French resistance in North Africa still recognizes the landings as decided within days rather than weeks — local commanders reach their own accommodations once the outcome is clearly no longer in doubt.","","",""
"LOW","allied","darlanDeal42","NOVEMBER 1942","outcome","It spares Eisenhower the controversy of legitimizing a Vichy official at a real but modest cost in additional fighting.","","",""
"LOW","allied","darlanDeal42","NOVEMBER 1942","outcome","The harder reading, and the one Darlan's actual ceasefire order was specifically credited with avoiding: without a single authority to order a stand-down, resistance continues unit by unit, at a real cost in Allied and French casualties the historical deal specifically prevented.","","",""
"LOW","allied","darlanDeal42","NOVEMBER 1942","outcome","It spares Eisenhower the controversy of legitimizing a Vichy official, and it costs Free French relations nothing at the moment those relations are already fragile.","","",""
"LOW","allied","casablanca43","JANUARY 1943","situation","Roosevelt and Churchill meet at Casablanca to set the alliance's terms for the rest of the war.","","",""
"LOW","allied","casablanca43","JANUARY 1943","situation","Roosevelt proposes, and Churchill accepts, a declared policy of unconditional surrender — no negotiated peace with Germany, Italy, or Japan under any government, a clean break from the armistice that ended the previous war and left room for the stab-in-the-back myth that helped bring Hitler to power.","","",""
"LOW","allied","casablanca43","JANUARY 1943","situation","Some of Roosevelt's own advisors worry the policy will stiffen German resistance by removing any incentive to negotiate a regime change from within; others argue that ambiguity is exactly the mistake that made 1918 politically survivable for the officers who started the war in the first place.","","",""
"LOW","allied","casablanca43","JANUARY 1943","quote","If there is a general in Berlin willing to remove Hitler and end this on terms short of total ruin, I would rather have left him a door than a wall.","","",""
"LOW","allied","casablanca43","JANUARY 1943","outcome","A fair projection of the road not taken: leaving diplomatic room for a negotiated peace with an internal German opposition might, in theory, incentivize a coup attempt earlier or with broader support than the historical July 1944 plot managed.","","",""
"LOW","allied","resistanceContact44","1944","situation","Allen Dulles's OSS station in Bern has been quietly maintained as a listening post since 1942, and it is now receiving exactly the kind of approach the Casablanca policy was designed to answer in advance: intermediaries connected to German resistance and intelligence circles, testing whether Washington's 'no negotiation' position is truly absolute or merely the public posture.","","",""
"LOW","allied","resistanceContact44","1944","situation","This is not a hypothetical — real contacts of this kind did reach Allied intelligence through Switzerland and Sweden across 1943 and 1944, seeking everything from information exchange to genuine political cover for a change of German government.","","",""
"LOW","allied","sicilyHusky43","JULY – AUGUST 1943","quote","I intend to be in Messina before Patton.","","",""
"LOW","allied","tehran43","NOVEMBER – DECEMBER 1943","situation","The first meeting of all three leaders, and Stalin arrives with one question wearing many phrasings: when, exactly, is the second front — a date, a commander, a commitment that cannot be reinterpreted.","","",""
"LOW","allied","tehran43","NOVEMBER – DECEMBER 1943","situation","Churchill still carries Mediterranean alternatives in his case.","","",""
"LOW","allied","tehran43","NOVEMBER – DECEMBER 1943","quote","Marshal Stalin has asked a plain question in front of witnesses.","","",""
"LOW","allied","tehran43","NOVEMBER – DECEMBER 1943","outcome","The conference marked the alliance's high-water mark of actual coordination, and Soviet planning for 1944 was built explicitly around the promise.","","",""
"LOW","allied","tehran43","NOVEMBER – DECEMBER 1943","outcome","It also marked, quietly, the point where the coalition's center of gravity finished shifting from London to Washington and Moscow — a fact Churchill felt at the table and historians have measured since.","","",""
"LOW","allied","tehran43","NOVEMBER – DECEMBER 1943","outcome","An honest account of the conference Churchill might have preferred: commitment in principle, flexibility in schedule, the Mediterranean file kept open.","","",""
"LOW","allied","tehran43","NOVEMBER – DECEMBER 1943","outcome","Stalin's reading of such an outcome is not speculative — his suspicion that the West intended to let the Eastern Front carry the war indefinitely was documented policy assumption, and a hedged Tehran feeds it directly.","","",""
"LOW","allied","italyOrOverlord43","LATE 1943","situation","Churchill still calls the Mediterranean the Axis's 'soft underbelly' and wants to keep pushing north, possibly toward the Balkans.","","",""
"LOW","allied","italyOrOverlord43","LATE 1943","situation","American planners increasingly see Italy as a resource drain that has already served its strategic purpose — tying down German divisions — and want everything not essential to holding the current line redirected to the buildup for the cross-Channel invasion now scheduled for 1944.","","",""
"LOW","allied","italyOrOverlord43","LATE 1943","quote","Every division fighting us at Monte Cassino is a division that is not on the Atlantic Wall waiting for Overlord.","","",""
"LOW","allied","italyOrOverlord43","LATE 1943","outcome","Close to what in fact happened — Italy continued as a grinding, under-resourced secondary front for the rest of the war precisely because its priority, correctly, dropped once Overlord's buildup began in earnest.","","",""
"LOW","allied","italyOrOverlord43","LATE 1943","outcome","The men fighting at Monte Cassino and Anzio through early 1944 fought a campaign that both alliance partners had already, functionally, deprioritized.","","",""
"LOW","allied","normandy44","AUGUST 1944","situation","Montgomery proposes a single concentrated thrust, all available fuel and supply diverted to one narrow armored spearhead — his own, north through Belgium and Holland toward the Ruhr — arguing a war-ending blow is possible now if the Allies stop advancing everywhere at once and commit fully to one place.","","",""
"LOW","allied","normandy44","AUGUST 1944","situation","Eisenhower's instinct, and SHAEF's standing strategy, is a broad front: every army group advancing together, no single overextended spearhead the Germans can cut off and destroy.","","",""
"LOW","allied","normandy44","AUGUST 1944","outcome","What actually happened, in essence — SHAEF gave Montgomery enough priority to attempt Market Garden, even while formally maintaining the broad-front strategy elsewhere.","","",""
"LOW","allied","normandy44","AUGUST 1944","outcome","No Market Garden is attempted, fuel and supply are distributed evenly across every advancing army group instead of concentrated behind one.","","",""
"LOW","allied","normandy44","AUGUST 1944","outcome","Slower and less dramatic than the historical autumn, but it never hands the German army a single overextended spearhead to cut off — the risk Eisenhower's own doctrine was built to avoid, tested here without the one exception he historically made for Montgomery.","","",""
"LOW","allied","marketGarden44","SEPTEMBER 1944","outcome","A plausible projection of Browning's private reservation, taken seriously rather than voiced and overridden: a scaled-back operation secures the nearer Dutch bridges at Nijmegen and Eindhoven without the airborne assault on Arnhem, preserving 1st Airborne Division as a fighting force for 1945.","","",""
"LOW","allied","arnhemPerimeter44","SEPTEMBER 21–25, 1944","situation","Whether Market Garden's original objective is still reachable isn't in doubt anymore.","","",""
"LOW","allied","arnhemPerimeter44","SEPTEMBER 21–25, 1944","outcome","It is, by the standard that actually applied by the ninth day, the correct call: more of the division comes home than any other version of this ending manages, and 'Operation Berlin' becomes the one part of Market Garden that went approximately as planned.","","",""
"LOW","allied","anvilDragoon44","AUGUST 1944","situation","Churchill objects strenuously, one final time: redirect this force to the Balkans instead, or to a landing near Trieste, positioning Western Allied forces to reach Vienna and the Danube before Soviet troops do, shaping the postwar political map while there's still time.","","",""
"LOW","allied","anvilDragoon44","AUGUST 1944","situation","American planners want the straightforward answer — a landing that gives the Overlord buildup a desperately needed additional port, Marseille, still functioning while Cherbourg and the artificial Mulberry harbors strain under the weight of an entire theater's supply.","","",""
"LOW","allied","anvilDragoon44","AUGUST 1944","outcome","Churchill's Balkans argument was overruled, as it had been at several earlier points in the war, by the straightforward military logic of supply.","","",""
"LOW","allied","anvilDragoon44","AUGUST 1944","outcome","One considered account of Churchill's actual, unsuccessful argument, taken seriously rather than overruled: a Balkans-directed landing plausibly gets Western forces further east by the war's end, with real implications for where the Iron Curtain eventually falls — but it forfeits Marseille's port capacity at the exact moment the broad-front advance into Germany is starving for supply, and Eisenhower's supply staff were not wrong that the fuel crisis this choice risks was the more immediate danger to the campaign actually in progress.","","",""
"LOW","allied","ljubljanaGap44","AUTUMN 1944","situation","The Balkan landing has committed the alliance to Churchill's map: the force ashore in the Adriatic theater now faces the route he championed to the war's end — northeast through the Ljubljana Gap toward Vienna and the Danube, arriving in central Europe ahead of Soviet forces and drawing the postwar line by presence.","","",""
"LOW","allied","ljubljanaGap44","AUTUMN 1944","situation","Between the map and Vienna stand the Dinaric Alps, a single-track railway, Kesselring-grade defensive terrain, and a logistics case every American planner called fantasy.","","",""
"LOW","allied","ljubljanaGap44","AUTUMN 1944","outcome","The map's most generous reading turns out to be the right one: the single rail axis holds together just long enough, and Western forces reach Vienna's approaches ahead of the Red Army — Churchill's whole political case for this theater, delivered against every American staff estimate that said it couldn't be done on this terrain and this logistics.","","",""
"LOW","allied","ljubljanaGap44","AUTUMN 1944","outcome","The postwar line stays where the main fronts will draw it — which is to say, the political prize Churchill wanted from this theater goes unclaimed, by choice rather than by the mountains.","","",""
"LOW","allied","viennaStandoff44","AUTUMN 1944","situation","Soviet forces are still weeks away, but Moscow's diplomats already treat Austria as settled ground — a liberated country, in Stalin's framing, not occupied territory up for negotiation.","","",""
"LOW","allied","ardennesResponse44","DECEMBER 1944","situation","Patton's Third Army sits to the south, positioned to wheel north and relieve the town, but doing so on the timetable he's proposing means turning an entire army ninety degrees in winter conditions on a few days' notice — a maneuver few staffs would consider realistic.","","",""
"LOW","allied","bulgeExploited44","LATE DECEMBER 1944","outcome","Bradley's logic turns out to have been sound after all — the German spearhead runs dry before the committed reserves ever make contact with it.","","",""
"LOW","allied","yaltaFeb45","FEBRUARY 1945","situation","Roosevelt, Churchill, and Stalin meet at Yalta to settle the shape of postwar Europe while the war still has months to run.","","",""
"LOW","allied","yaltaFeb45","FEBRUARY 1945","situation","Poland's future government is the sharpest dispute — Stalin insists on the Soviet-backed Lublin committee rather than the London government-in-exile the Western Allies have recognized throughout the war, and offers only a vague promise of 'free and unfettered' future elections.","","",""
"LOW","allied","yaltaFeb45","FEBRUARY 1945","situation","Roosevelt, visibly ill and eager to secure Stalin's promised entry into the Pacific war, is inclined to accept the ambiguity rather than press the point.","","",""
"LOW","allied","yaltaFeb45","FEBRUARY 1945","outcome","But the united front extracts more specific language, better-defined election machinery, and — the part the historical conference conspicuously lacked — a joint Western position Stalin must openly repudiate rather than quietly reinterpret.","","",""
"LOW","allied","yaltaFeb45","FEBRUARY 1945","outcome","The likely shape of the harder line Churchill truly favored and did not fully get: pressing the point risks the conference's other agreements — including Stalin's Pacific war commitment, which planners still believe will be needed to shorten the invasion of Japan — for a Polish guarantee that the Red Army's physical presence on the ground makes very difficult to in truth enforce regardless of what any document says.","","",""
"LOW","allied","yaltaFeb45","FEBRUARY 1945","quote","I need Stalin's armies in Manchuria more than I need a sentence about Poland that his own troops are standing on top of anyway.","","",""
"LOW","allied","berlinDecision45","APRIL 1945","situation","Whether they should is a different one: Berlin sits inside the Soviet occupation zone already agreed at Yalta, and Eisenhower's own judgment is that the political prize is not worth the casualties a race into a city assigned to someone else's zone regardless of who captures it first.","","",""
"LOW","allied","berlinDecision45","APRIL 1945","outcome","A fair projection of the road Patton and others argued for and lost: a Western capture of Berlin is plausible on the military timeline alone, but it captures a city already assigned to Soviet occupation at Yalta — meaning any American or British units that took it would very likely have had to hand it back regardless, at a cost in casualties for a possession that was never going to be kept.","","",""
"LOW","allied","berlinDecision45","APRIL 1945","outcome","Eisenhower's decision remains debated by historians — some argue a Western capture of Berlin would have meaningfully shaped the early Cold War's psychology even if the city were later handed over — but the military logic was sound on its own terms: the casualties of an urban assault on a heavily defended capital, fought for a prize already allocated to an ally, were a cost Eisenhower judged not worth paying.","","",""
"LOW","allied","berlinDecision45","APRIL 1945","quote","Model has three hundred thousand men in a pocket and no orders anyone can carry out.","","",""
"LOW","allied","berlinRace45","APRIL 1945","situation","This is the deepest departure from the historical record this campaign reaches on the western axis, and the honest odds are stated plainly: the Red Army was closer, in greater force, and racing with the political stakes of a rivalry Stalin actively encouraged between his own two marshals.","","",""
"LOW","allied","berlinRace45","APRIL 1945","outcome","Nothing in the documented record suggests Eisenhower's staff considered that risk trivial, and this path doesn't either.","","",""
"LOW","allied","pacificPressure42","MID-1942","outcome","The Guadalcanal campaign began in August 1942 and became a six-month meat-grinder that ultimately broke Japanese offensive power in the south Pacific — vindication for King, purchased with shipping and attention the European timetable felt all year.","","",""
"LOW","allied","pacificPressure42","MID-1942","outcome","The internal peace it bought mattered too: a Navy flatly refused in mid-1942 would have fought the Army over every hull for the rest of the war.","","",""
"LOW","allied","dieppe42","AUGUST 1942","situation","Operation Jubilee is ready: a division-scale raid on the French port of Dieppe, mostly Canadian troops, intended to test whether a defended port can be seized from the sea — and to show Moscow, loudly, that the Western Allies are doing something in Europe this year.","","",""
"LOW","allied","dieppe42","AUGUST 1942","outcome","The claimed redemption is real but was purchased at terrible cost: Dieppe's failures reshaped Allied invasion doctrine — no frontal port assault, overwhelming naval bombardment, specialized armor — and planners from Overlord onward cited its lessons constantly.","","",""
"LOW","allied","dieppe42","AUGUST 1942","outcome","What Overlord's planners do with a doctrine built on theory instead of tuition is a question that arrives when the invasion is actually being planned, not before.","","",""
"LOW","allied","bomberDirective43","1943","outcome","The disputed case breaks toward the doctrine's defenders: even without full escort, the early chokepoint campaign finds and damages enough of the German fuel and bearing supply chain to matter a year ahead of the historical schedule — a real, if costly, down payment on the 1944 oil campaign's eventual effect.","","",""
"LOW","allied","bomberDirective43","1943","outcome","The likelier reading, and the one most postwar analysis favors: the target logic was sound but the tool wasn't ready — 1943's unescorted daylight raids pay in bombers (Schweinfurt's second raid alone lost 60) without the sustained follow-up that only long-range escort made possible in 1944.","","",""
"LOW","allied","bomberDirective43","1943","outcome","The area offensive burned German cities at a civilian cost in the hundreds of thousands across the war, and the postwar bombing surveys judged its effect on production smaller than claimed; the precision campaign found its decisive form only in 1944, once escorts arrived and oil became the priority.","","",""
"LOW","allied","dodecanese43","SEPTEMBER – NOVEMBER 1943","situation","With Italy's surrender, Churchill sees an Aegean door swinging open: the Italian-garrisoned Dodecanese islands — Rhodes, Kos, Leros — could be seized cheaply, pressuring Turkey toward the Allied camp and opening a Balkan flank.","","",""
"LOW","allied","dodecanese43","SEPTEMBER – NOVEMBER 1943","situation","American planners want nothing to do with it: no carrier cover, German airpower dominant from Rhodes the moment they take it, and every landing craft in the theater already spoken for by Overlord's schedule.","","",""
"LOW","allied","dodecanese43","SEPTEMBER – NOVEMBER 1943","situation","Churchill presses anyway, with mostly British forces.","","",""
"LOW","allied","dodecanese43","SEPTEMBER – NOVEMBER 1943","outcome","A plausible projection of the American veto applied in full: no Aegean operation, no Leros, and the landing craft and squadrons it consumed stay against Overlord's ledger.","","",""
"LOW","allied","aegeanReckoning43","DECEMBER 1943","outcome","The costlier short-term admission and the more durable coalition choice: acknowledging the miscalculation plainly costs real political capital at a moment London has little to spare, but it keeps the alliance's internal trust roughly where it was before Leros — which matters more than this one theater, given how many harder arguments about Italy, Overlord, and the Mediterranean's whole strategic weight are still ahead.","","",""
"LOW","allied","aegeanReckoning43","DECEMBER 1943","quote","I did not survive 1940 by narrating every reverse at full volume.","","",""
"LOW","allied","turkishQuestion44","LATE 1943","situation","An Aegean flank held against German airpower is exactly the leverage Churchill's whole Mediterranean thesis was built to produce: proof, sitting off Turkey's own coast, that the Allied position in the region is not the paper tiger Ankara has spent two years treating it as.","","",""
"LOW","allied","turkishQuestion44","LATE 1943","situation","Turkey has stayed neutral since 1939 by design, hedging against whichever side looked stronger.","","",""
"LOW","allied","turkishQuestion44","LATE 1943","outcome","Turkey edges toward a declaration months before its historical February 1945 entry, mostly symbolic even here, since Ankara's own military has no intention of in fact fighting regardless of what the paperwork says.","","",""
"LOW","allied","turkishQuestion44","LATE 1943","outcome","Washington reads the whole exercise as exactly the kind of political theater it always suspected Churchill's Mediterranean instincts were built from.","","",""
"LOW","allied","turkishBelligerence44","EARLY 1944","outcome","It is not the wholesale strategic pivot Churchill's original Mediterranean thesis imagined Turkish belligerence buying — it is one useful runway, granted by a government that made very clear this is the ceiling, not the floor.","","",""
"LOW","allied","anzio44","JANUARY 1944","situation","Churchill's answer is Operation Shingle: an amphibious end-run to Anzio, behind the Gustav Line, sixty kilometers from Rome — a landing that either unhinges the entire German position in central Italy or plants a besieged beachhead that has to be fed by sea for months.","","",""
"LOW","allied","anzio44","JANUARY 1944","outcome","The landing achieved total surprise — and then consolidated on the beach while Kesselring, reacting with the speed the Italian campaign had taught everyone to expect, sealed the perimeter within days.","","",""
"LOW","allied","anzio44","JANUARY 1944","outcome","Churchill's whale line was his own bitter verdict on the result — and the four months the verdict describes are not a footnote this campaign skips past.","","",""
"LOW","allied","anzio44","JANUARY 1944","outcome","The Overlord buildup gains margin exactly where the historical plan spent it.","","",""
"LOW","allied","anzioSiege44","FEBRUARY – MAY 1944","situation","The beachhead is real, and so is the ring around it — Kesselring's forces hold the high ground overlooking every square meter of the perimeter, and 'Anzio Annie,' the German railway guns, can reach any point on the beach on a schedule the garrison has learned to live by.","","",""
"LOW","allied","romeDividend44","SPRING 1944","situation","It is the rarest thing this theater ever produces: a genuine surplus, arriving with Overlord's own preparation still weeks from complete.","","",""
"LOW","allied","gothicLineEarly44","SPRING 1944","situation","The Apennine defenses that historically absorbed a grinding, exhausted Allied army through an autumn and winter that stretched into spring 1945 are facing something they never actually had to answer this soon: a force arriving with momentum and manpower both, months ahead of the historical schedule, while a full campaigning season still lies ahead rather than behind.","","",""
"LOW","allied","gothicLineEarly44","SPRING 1944","situation","Kesselring's defense in depth was built to grind down whatever reached it, not to withstand a first assault at full strength this early — whether an intact army can actually break the line now, rather than simply reach it in autumn and stall the way the historical one did, is a genuinely open question the theater has never gotten to ask under these conditions.","","",""
"LOW","allied","gothicLineEarly44","SPRING 1944","outcome","The genuinely rare outcome this theater's history never produced: Kesselring's defense in depth, built for a slower and more exhausted attacker arriving in autumn, doesn't hold against a full-strength assault arriving in spring with a whole season still ahead of it.","","",""
"LOW","allied","gothicLineEarly44","SPRING 1944","outcome","The terrain and Kesselring's layered defense turn out to matter more than which season or which army's condition meets them: the line bends further and costs the defenders more than a fresh, unprepared position historically would have, but it holds regardless, and the theater settles into a contest that will still likely resolve closer to the historical autumn than either side would have guessed from this spring's opening position — arrived at with a stronger Allied army and a more thoroughly tested German one than history actually produced this early.","","",""
"LOW","allied","overlordPrep44","SPRING 1944","situation","Overlord's air preparation forces an argument with a moral dimension the planning papers state plainly: the Transportation Plan proposes systematically destroying the French and Belgian rail network — marshalling yards, bridges, junctions — to isolate Normandy from German reinforcement.","","",""
"LOW","allied","overlordPrep44","SPRING 1944","situation","Churchill is truly disturbed and says so to Roosevelt; the airmen counter that every German division delayed is measured in Allied soldiers alive on the beaches.","","",""
"LOW","allied","overlordPrep44","SPRING 1944","outcome","A speculative reading of the restriction Churchill pressed for: a target list culled of its most populated environs kills fewer of the civilians the invasion comes to liberate — and isolates Normandy more slowly and less completely, which is paid for on and after the beaches in German divisions arriving days earlier than the historical schedule allowed.","","",""
"LOW","allied","omahaCrisis44","JUNE 6, 1944 — MORNING","situation","Bradley, watching from offshore, is weighing whether to divert the follow-on waves to Utah and the British beaches and write Omaha off as a coordinated landing for today.","","",""
"LOW","allied","falaise44","AUGUST 1944","situation","Closing it means Patton's spearheads driving north to meet the Canadians and Poles fighting south — across an inter-army-group boundary, into ground where two converging allied forces can easily end up firing into each other.","","",""
"LOW","allied","falaise44","AUGUST 1944","situation","Bradley's actual words at the time: better a solid shoulder at Argentan than a broken neck at Falaise.","","",""
"LOW","allied","falaise44","AUGUST 1944","outcome","Whether closing harder was worth the friendly-fire and coordination risk remains a genuine staff-college debate; Bradley never recanted.","","",""
"LOW","allied","falaise44","AUGUST 1944","outcome","The risk Bradley named, realized: converging spearheads in dust, smoke, and mutual artillery range produce exactly the friendly-fire and coordination failures the boundary existed to prevent.","","",""
"LOW","allied","falaise44","AUGUST 1944","outcome","Not a call the historical Eisenhower actually made this explicitly — but a plausible one for an alliance already too strained to survive another national-prestige argument at the boundary.","","",""
"LOW","allied","eisenhowerIntervenes44","AUGUST 1944","situation","The boundary holds exactly where Eisenhower's staff put it, and both Bradley and Montgomery's headquarters receive the same terse instruction: this is not a discretionary line.","","",""
"LOW","allied","eisenhowerIntervenes44","AUGUST 1944","outcome","What doesn't happen — no friendly-fire incident, no Bradley-Montgomery recrimination that outlives the war in memoirs — is exactly what this path was built to avoid, at a real and honestly stated cost in escaped German cadres.","","",""
"LOW","allied","eisenhowerIntervenes44","AUGUST 1944","outcome","Logged, and noted, and changes nothing about this particular boundary — SHAEF's order stands, the pocket closes on Eisenhower's schedule regardless.","","",""
"LOW","allied","scheldt44","OCTOBER – NOVEMBER 1944","situation","The historical priority went elsewhere — Market Garden claimed the resources and attention — and the Scheldt's clearing waited until October and November, a brutal campaign across flooded polders that fell largely to the First Canadian Army, while the port everyone needed sat captured and closed.","","",""
"LOW","allied","scheldt44","OCTOBER – NOVEMBER 1944","outcome","The likely shape of the priority the naval staff and Eisenhower's own logisticians argued for at the time: the estuary campaign fought in September against a German Fifteenth Army still disorganized from the retreat — rather than in October against one that had been given six weeks to dig into the polders — opens Antwerp weeks early, and the entire autumn fuel crisis eases at its source.","","",""
"LOW","allied","scheldt44","OCTOBER – NOVEMBER 1944","outcome","SPECULATIVE in the discipline required, not in the reasoning — this is the position Eisenhower's naval staff and his own logisticians argued at the time, and losing that argument is conventionally rated among the campaign's costliest priority errors.","","",""
"LOW","allied","strategicBombing45","FEBRUARY 1945","situation","The Thunderclap concept proposes massive raids on eastern German cities crowded with refugees and functioning as transit points behind the collapsing eastern front: Berlin, Leipzig, Chemnitz, Dresden.","","",""
"LOW","allied","strategicBombing45","FEBRUARY 1945","outcome","The military difference by February 1945 is close to nil — which is precisely the argument, made at the time by some and by history's judgment since, that the raids' defenders never adequately answered.","","",""
"LOW","allied","germanyOccupation45","MAY – JUNE 1945","situation","Treasury Secretary Morgenthau has proposed, and Roosevelt at one point provisionally endorsed at the Quebec Conference, a plan to permanently dismantle German heavy industry and reduce the country to a largely agricultural state — pastoralization, intended to make a third German war of aggression physically impossible.","","",""
"LOW","allied","germanyOccupation45","MAY – JUNE 1945","outcome","The historical version of this plan was quietly abandoned within the Roosevelt administration once its practical implications were fully costed — this path tests what happens when it isn't.","","",""
"LOW","german","caseYellow40","MAY 1940","situation","Manstein — sidelined to a corps command for arguing against this plan too persistently — has an alternative that only reached Hitler's desk after a chance dinner, and after an aircraft carrying a partial copy of the original plan was shot down over Belgium in January, forcing a rethink regardless: send the true weight of the panzer divisions through the Ardennes, terrain French staff studies have judged unsuitable for a major armored thrust, and cut behind the Allied armies advancing into Belgium to meet a northern attack that would, in this version, be nothing but the bait.","","",""
"LOW","german","caseYellow40","MAY 1940","quote","Manstein's plan is either the boldest stroke in modern military history or the way we lose the panzer arm in the Ardennes traffic jam of the century.","","",""
"LOW","german","caseYellowOriginal40","JUNE 1940","situation","With the Ardennes gambit set aside, the campaign OKH actually drafted before Manstein's plan ever reached Hitler's desk unfolds on its own schedule.","","",""
"LOW","german","caseYellowOriginal40","JUNE 1940","situation","One reading holds France still falls in 1940 regardless — its army and doctrine were outmatched however the attack arrived, and the difference is only cost and calendar.","","",""
"LOW","german","compressedInvasionWindow40","AUGUST 1940","outcome","Whatever this autumn's Channel Question turns out to require, it goes into that decision already having decided invasion isn't happening in 1940 — which changes the argument, even if the historical outcome and this one may not end up looking very different.","","",""
"LOW","german","dunkirk","MAY 1940","outcome","The three-day halt (May 24–26) let a defensive perimeter form, and Göring's promise collapsed against RAF fighter cover and low cloud.","","",""
"LOW","german","dunkirk","MAY 1940","outcome","Churchill cautioned that wars aren't won by evacuations, but the trained core of Britain's future army got out, and that mattered for years.","","",""
"LOW","german","channel","AUGUST 1940","outcome","Sea Lion faded without a formal cancellation announcement, the Blitz continued through Britain's winter, and Barbarossa planning began that same autumn.","","",""
"LOW","german","tannenbaum40","OCTOBER 1940","outcome","It is not pacified, and the divisions tied up finding that out are divisions Barbarossa's planners will notice are missing.","","",""
"LOW","german","tannenbaum40","OCTOBER 1940","outcome","It still costs more than the Low Countries did for less strategic return: precision industry and rail tunnels now under German control, at the price of men, fuel, and eleven divisions' worth of autumn that Barbarossa's planners had already pencilled in for something else.","","",""
"LOW","german","balkans","APRIL 1941","outcome","But it pushed Barbarossa's start from May to June 22 — a five-week delay that became one of the most argued-over facts of the entire war.","","",""
"LOW","german","hessFlight41","MAY 10, 1941","situation","Hitler is reportedly incandescent.","","",""
"LOW","german","crete41","MAY 1941","outcome","Fallschirmjäger casualties ran near a quarter of the force committed, and Hitler told Student the day of the paratrooper was over.","","",""
"LOW","german","bismarckBreakout41","MAY 1941","situation","The newest and most powerful battleship afloat, Bismarck, sits ready in the Baltic with the heavy cruiser Prinz Eugen for Operation Rheinübung — a breakout into the Atlantic to hunt the convoys that keep Britain fed.","","",""
"LOW","german","bismarckBreakout41","MAY 1941","outcome","One considered account of the more conservative case Dönitz and others made at the time: keeping the fleet's newest and most powerful ship in port avoids a repeat of the Graf Spee's fate — cornered and scuttled rather than lost in glory — and preserves it as a standing threat that ties down British planning simply by existing, without ever having to survive an actual chase.","","",""
"LOW","german","sealionDisaster40","SEPTEMBER 1940","situation","This is projection into territory the historical war refused to enter — Sea Lion was postponed precisely because every serious staff study reached the same verdict.","","",""
"LOW","german","sealionAftermath40","OCTOBER 1940","outcome","The men who were there know otherwise, and so does every intelligence service watching troop movements and barge losses that don't match the announced story — the cover survives contact with nobody who was actually paying attention, which by October 1940 is most of Europe's general staffs.","","",""
"LOW","german","barbarossa41","MAY – JUNE 1941","situation","But the premise has a counter-ledger your economics staff keeps quietly updating — under the 1940 commercial agreements, Soviet trains deliver grain, oil, manganese, and rubber transshipped from Asia, on schedule, every week.","","",""
"LOW","german","barbarossa41","MAY – JUNE 1941","outcome","You will discover in 1942 which staff was right.","","",""
"LOW","german","barbarossa41","MAY – JUNE 1941","quote","Strangle the island, take the Mediterranean, and let Stalin sell us the oil to do it.","","",""
"LOW","german","barbarossa41","MAY – JUNE 1941","outcome","A hybrid no German staff seriously proposed, because Hitler's ideological priority made the sequencing question itself nearly unaskable — but it tests something the pure cancel/launch choice doesn't: whether the problem was the war's magnitude or its order of operations.","","",""
"LOW","german","barbarossa41","MAY – JUNE 1941","outcome","Every division and fuel ton sent south this summer is a division and fuel ton Barbarossa's June launch will not have.","","",""
"LOW","german","suezFirst41","SUMMER 1941","situation","Rommel, astonished to receive an army rather than a corps, drives on Suez with resources the historical desert war never gave him.","","",""
"LOW","german","suezFirst41","SUMMER 1941","situation","Every week gained here is a week Barbarossa's June window loses — and your logisticians are unanimous that whatever happens in the desert, the eastern invasion does not launch this year on the historical calendar.","","",""
"LOW","german","suezFirst41","SUMMER 1941","outcome","Reasoned projection at its most generous: a fully resourced summer campaign plausibly delivers Suez and the Middle Eastern oil route Rommel never had the strength for historically.","","",""
"LOW","german","japanDirection41","JULY 1941","situation","With Barbarossa a month old, Ribbentrop presses the case he has made to Tokyo for a year: strike the Soviet Far East now, while Stalin's attention and reserves are consumed in the west, and end the two-front nightmare permanently.","","",""
"LOW","german","japanDirection41","JULY 1941","situation","But Tokyo's decision was never really Berlin's to make — Japan's 1939 defeat at Nomonhan left the Imperial Army wary of the Red Army's mechanized strength, the Navy's institutional weight favors resources over ideology, and an American oil embargo is making the Dutch East Indies look far more urgent than Siberia.","","",""
"LOW","german","moscowFalls41","DECEMBER 1941","situation","And the honest answer arrives with the capture itself: Stalin's government apparatus, industrial base, and command structure were already relocated to Kuibyshev on the Volga in October, as a standing contingency.","","",""
"LOW","german","sovietFracture42","WINTER 1941 – 1942","situation","The honest scholarly answer is stated first, because it governs the odds: the strong consensus is that the Soviet state does not collapse — the government functions from Kuibyshev, the relocated factories are already producing, Lend-Lease flows through Archangel and Persia, and the historical state survived losses in 1941 that no prewar theory said any state could survive.","","",""
"LOW","german","sovietFracture42","WINTER 1941 – 1942","outcome","The soldier's answer to a political question: dig in, hold what was taken, and let 1942 arrive.","","",""
"LOW","german","fractureResolution42","SPRING 1942","quote","The city was the prize of 1941.","","",""
"LOW","german","fractureResolution42","SPRING 1942","quote","It does not have to be the graveyard of 1942.","","",""
"LOW","german","volgaAftermath42","SPRING 1942","situation","What that actually means, in practical terms this staff has never had to plan for, is a war Reich has fought on two fronts since 1939 suddenly needing to decide what a one-front war is for.","","",""
"LOW","german","east42Launch","MAY 1942","situation","Across the demarcation line, the year was not idle: FHO's revised order of battle shows the Red Army markedly deeper than its 1941 estimate, its new tank models arriving in numbers the 1941 files never contained, and its border deployments — burned by the visible German staging of last spring — no longer sitting forward in the vulnerable peacetime pattern that made the historical encirclements possible.","","",""
"LOW","german","east42Launch","MAY 1942","outcome","The minority case: better logistics and winter provisioning keep the 1942 offensive coherent deeper into the year than the historical 1941 managed, and the opening battles are won convincingly if less spectacularly — no repeat of the great border encirclements against an army deployed in depth.","","",""
"LOW","german","east42Launch","MAY 1942","outcome","The likelier case by some margin: the Red Army of 1942 — deployed in depth, partially re-equipped, forewarned by a year of visible staging — absorbs the opening blow without the catastrophic pocket battles of the historical 1941.","","",""
"LOW","german","armedTruce41","SUMMER – AUTUMN 1941","situation","Moscow's reaction, as your diplomats read it, is relief layered over suspicion layered over accelerating armament: the deliveries continue (Stalin has every reason to feed a Germany pointed west), and behind them Soviet factories relocated nowhere, disrupted by nothing, run at full peacetime tempo.","","",""
"LOW","german","armedTruce41","SUMMER – AUTUMN 1941","quote","Give me the boats Barbarossa's steel would have eaten, and I will show you what the tonnage war looks like when it is actually funded.","","",""
"LOW","german","armedTruce41","SUMMER – AUTUMN 1941","outcome","Projection with a real edge: a U-boat arm funded from the east's cancelled steel quota is materially larger than the historical one, and 1941–42 in the Atlantic runs correspondingly harder for Britain.","","",""
"LOW","german","armedTruce41","SUMMER – AUTUMN 1941","outcome","Raeder's actual 1940–41 proposal, finally resourced: with no eastern front to feed, the Mediterranean can receive not a corps but an army.","","",""
"LOW","german","mediterranean41","1942","outcome","Projection of the theater at full weight: multiple corps, theater-level air cover that finally suppresses Malta, and a 1942 drive that plausibly does what the historical shoestring version could not — Alexandria, the Canal, the oil route to Basra threatened.","","",""
"LOW","german","gibraltarStalled42","MID-1942","outcome","What Berlin actually did, and the historical record's own verdict on it is not kind: Franco's calculation never changed, not in 1941, not in 1942, not for the rest of the war — the staged pressure was never going to work on a man whose caution was the entire reason he survived to be pressured.","","",""
"LOW","german","suezHorizon42","LATE 1942","outcome","The push culminates well short of Basra, in country that eats fuel faster than any convoy can replace it — Rommel's own historical complaint, recurring at a scale this campaign warned was coming.","","",""
"LOW","german","bomberWar43","1943","outcome","The evidence points the same way at both ends: retaliation bombing did not break British production or morale in 1940–41 and does not now, while every bomber and V-weapon built is a fighter not built — the same trade the historical Reich made, and lost by.","","",""
"LOW","german","bomberWar43","1943","outcome","Projection of the program the historical Reich began desperately in 1944, started here deliberately and early: dispersal and hardening blunt the bomber war's production effects, at a steep tax in efficiency and transport strain.","","",""
"LOW","german","uranverein43","LATE 1943","situation","It was reviewed in June 1942, judged incapable of producing anything war-decisive inside the war's likely span, and quietly redirected toward reactor research at a scale measured in a few million Reichsmarks.","","",""
"LOW","german","uranverein43","LATE 1943","outcome","Money was never the binding constraint on the German program and pouring it in from late 1943 does not buy back the two years already lost — the separation plants do not exist, the plant to build the plants does not exist, and the moderator error has already routed years of work through a heavy-water supply the Allies are systematically dismantling.","","",""
"LOW","german","uranverein43","LATE 1943","quote","I asked Heisenberg in June what he needed and how long.","","",""
"LOW","german","uranverein43","LATE 1943","outcome","Speer's own account has him concluding from the physicists' evasiveness about timelines that there was nothing here to win the war with.","","",""
"LOW","german","invasionQuestion44","1944","situation","Aerial reconnaissance over Britain in the spring of 1944 shows the buildup happening anyway: an invasion fleet is assembling.","","",""
"LOW","german","easternQuestion44","1944","situation","Three years of armed truce, and FHO's annual assessment of the Red Army has become the most alarming document your staff produces: undisrupted by any war, Soviet industry has fielded a force larger and better-equipped than the one Barbarossa was designed to destroy — and it keeps growing.","","",""
"LOW","german","easternQuestion44","1944","situation","An honest note on what history says here: the overwhelming weight of scholarship holds that Stalin sought no war with Germany in this period — the buildup is what victorious deterrence looks like from the other side of the wire.","","",""
"LOW","german","easternQuestion44","1944","quote","There is no version of 1946 in this folder that is better than 1944.","","",""
"LOW","german","easternQuestion44","1944","outcome","The assessment is grim, and generous at that: attacking the fully-built, fully-deployed Red Army of 1944 — with no purge chaos, no forward-deployed vulnerability, and a materiel superiority the 1941 files never imagined — produces the eastern war at its maximum possible disadvantage.","","",""
"LOW","german","easternQuestion44","1944","quote","I cannot tell you what Stalin intends.","","",""
"LOW","german","easternQuestion44","1944","outcome","Deterrence holds, and for the reason it usually does — it works because it was never truly being tested — Stalin's buildup insures against you, not toward you, and a hardened border with nothing behind it worth attacking stays quiet.","","",""
"LOW","german","easternQuestion44","1944","outcome","The eastern question subsides into cold, armed permanence, and Germany's full attention returns to the war it actually has: the bombers, the blockade, and the year 1945.","","",""
"LOW","german","easternQuestion44","1944","outcome","It is contained, at cost, along the fortified line built for exactly this; but the truce is dead as a system, the deliveries stop, and the blockade your economists warned about in 1941 is now total.","","",""
"LOW","german","atomicReckoning45","1945","situation","The Manhattan Project ran on its own clock, driven from the beginning by fear of a German bomb — and on this path, with no eastern front bleeding the Reich toward collapse, there is no Allied army in Germany to make the question moot.","","",""
"LOW","german","atomicReckoning45","1945","outcome","The weapon's actual history runs on to its grimmest extension: the bomb was conceived for Germany, and a Germany still fighting past the summer of 1945 meets it — one city, then the wait, then another, on the same terrible cadence the real August 1945 demonstrated, until capitulation.","","",""
"LOW","german","atomicReckoning45","1945","outcome","The physics and the record agree, and neither is kind: the historical German program was years behind by 1942 — starved, fragmented, and pointed partly down a dead end — and no 1945 crash effort closes a gap measured in reactor-years and isotope-separation plants that do not exist.","","",""
"LOW","german","atomicReckoning45","1945","outcome","Against Japan in August 1945 that was close to unopposed.","","",""
"LOW","german","atomicReckoning45","1945","outcome","What follows is what followed in the real August 1945, on the same cadence — and the fuel spent holding a reserve for one interception is fuel the fortress had for nothing else.","","",""
"LOW","german","moscowKiev","AUGUST 1941","outcome","Guderian argued for exactly this in real time.","","",""
"LOW","german","moscowKiev","AUGUST 1941","outcome","Guderian's panzers pushed south while Kleist's Panzer Group, forcing its own Dnieper crossing far to the south at Kremenchuk, drove north to meet them; the two pincers closed south of Lokhvytsia on the 16th of September, with Romny — Guderian's own headquarters through the fighting — very nearly overrun by a Soviet breakout attempt two days later.","","",""
"LOW","german","moscowKiev","AUGUST 1941","outcome","But when Army Group Center resumed toward Moscow in October (Operation Typhoon), it still failed, stopped by mud, then cold, then fresh reserves nobody's intelligence had placed.","","",""
"LOW","german","exposedFlank","AUGUST – SEPTEMBER 1941","outcome","The most cautious option, and one with no real historical analog — Hitler would not have authorized a voluntary withdrawal at this stage.","","",""
"LOW","german","exposedFlank","AUGUST – SEPTEMBER 1941","outcome","But it also forecloses everything the historical 1942–43 eastern campaign was built around: with no offensive posture, there's no Directive 45, no Case Blue, no Stalingrad.","","",""
"LOW","german","rostov41","NOVEMBER 1941","situation","Kleist's 1st Panzer Army took Rostov-on-Don on the 21st — the gateway to the Caucasus oil fields, and the largest Soviet city to fall so far.","","",""
"LOW","german","rostov41","NOVEMBER 1941","situation","Six days later, Timoshenko's Southern Front hit the spearhead's exposed northern flank with a force Fremde Heere Ost hadn't placed on its board, and the army that took the city is now the one at risk of losing it back the hard way — encircled, not merely pushed out.","","",""
"LOW","german","rostov41","NOVEMBER 1941","situation","Kleist is asking permission to fall back to the Mius River, forty miles west, before that stops being a choice available to him.","","",""
"LOW","german","rostov41","NOVEMBER 1941","outcome","Not what happened — Hitler's actual first answer was no.","","",""
"LOW","german","rostov41","NOVEMBER 1941","outcome","Granting it here, before the argument that historically cost Rundstedt his command even starts, buys the identical retreat four days earlier and without the command crisis attached: 1st Panzer Army disengages in reasonable order, and nobody's career is spent proving what Kleist is already saying for free.","","",""
"LOW","german","rostov41","NOVEMBER 1941","outcome","Hitler relieves him for it on the 1st of December — one of the war's first command dismissals over a retreat, and far from the last.","","",""
"LOW","german","rostov41","NOVEMBER 1941","outcome","His replacement, Reichenau, confirms the identical withdrawal order within days, backed by Halder, and Hitler lets it stand.","","",""
"LOW","german","typhoon","DECEMBER 1941","outcome","Closer to what field commanders like Guderian requested.","","",""
"LOW","german","typhoon","DECEMBER 1941","outcome","Hitler's subsequent 'stand fast' no-retreat order — issued after the initial panic — arguably prevented a full rout, though at a brutal cost from inadequate winter gear either way.","","",""
"LOW","german","typhoon","DECEMBER 1941","outcome","Not seriously entertained at this stage — Hitler viewed any retreat as unacceptable, and a large voluntary withdrawal in mid-winter, under pressure, risked the same collapse-in-retreat dynamics that destroyed Napoleon's army in the same country, 129 years earlier.","","",""
"LOW","german","pearlHarbor","DECEMBER 11, 1941","situation","But the undeclared naval war in the Atlantic is already real: Roosevelt's navy has been escorting convoys and engaging U-boats for months, and an American destroyer has already been sunk.","","",""
"LOW","german","pearlHarbor","DECEMBER 11, 1941","quote","Declare, and Dönitz's boats feast on an unguarded coast.","","",""
"LOW","german","pearlHarbor","DECEMBER 11, 1941","outcome","The short-term payoff was real: Operation Drumbeat's U-boats found American coastal shipping unescorted, unconvoyed, and silhouetted against lit boardwalks — one of the most one-sided stretches of the entire Atlantic war.","","",""
"LOW","german","pearlHarbor","DECEMBER 11, 1941","outcome","Historians still debate whether the declaration was Hitler's single most consequential unforced decision: it solved Roosevelt's biggest political problem for him, since American opinion wanted war with Japan, not necessarily Germany.","","",""
"LOW","german","pearlHarbor","DECEMBER 11, 1941","quote","Why relieve Roosevelt of his hardest argument?","","",""
"LOW","german","pearlHarbor","DECEMBER 11, 1941","outcome","Without the declaration, Roosevelt must spend political capital to bring a Japan-focused public into the European war, and the U-boats stay leashed off the American coast.","","",""
"LOW","german","pearlHarbor","DECEMBER 11, 1941","outcome","Sinking American ships without a declaration hands Roosevelt the exact provocation he needs — a formal US declaration follows within weeks, on Washington's terms and timing — while the interval was too short for Drumbeat-scale results.","","",""
"LOW","german","staticEast","1942 – 1943","situation","Withdrawing to consolidate in late 1941 forecloses the offensive arc that followed historically — no Case Blue, no Stalingrad, no Kursk as it really happened.","","",""
"LOW","german","staticEast","1942 – 1943","outcome","No eastern offensive means no offensive losses, and two years of undisturbed rebuilding gives the western front — where the war is eventually decided regardless — a materially stronger defending force than history's version had by June 1944.","","",""
"LOW","german","staticEast","1942 – 1943","outcome","Rebuilding costs real time and fuel with nothing to show for it yet — but it does put a rebuilt Wehrmacht back on the offensive footing the historical 1943 Kursk debate assumed, just two years later and without the 1942 losses that historically preceded it.","","",""
"LOW","german","atlanticWall43","1943","outcome","Reasoned projection of the doctrine Rommel actually preached: forward defense means the landing is contested at its most vulnerable hour — and it also means guessing right about WHERE, because forward-deployed strength can't redeploy under Allied air.","","",""
"LOW","german","atlanticWall43","1943","outcome","Reasoned projection of the classical answer — and its known flaw, which Rommel kept naming: a central reserve must MOVE to matter, and it must move under an air force that owns every road and bridge in France in daylight.","","",""
"LOW","german","herkules42","SPRING 1942","situation","Malta-based British aircraft and submarines are sinking a share of Rommel's supply convoys that varies month to month from tolerable to catastrophic — in the worst months, more than a third of everything shipped goes to the bottom.","","",""
"LOW","german","herkules42","SPRING 1942","situation","Operation Herkules, a joint German-Italian airborne and amphibious invasion of Malta, is planned and Kesselring is pushing hard for it.","","",""
"LOW","german","herkules42","SPRING 1942","situation","Rommel wants the opposite: Tobruk has fallen, the British are reeling, and he believes Egypt and the Suez Canal are open for the taking if he attacks NOW.","","",""
"LOW","german","herkules42","SPRING 1942","situation","The airborne arm hasn't forgotten Crete — the last island assault won, but at casualties Hitler called unacceptable.","","",""
"LOW","german","herkules42","SPRING 1942","quote","Every ton Rommel will ever burn crosses a sea Malta commands.","","",""
"LOW","german","herkules42","SPRING 1942","outcome","Kesselring's arithmetic was right, and now Rommel has to decide what an actually-supplied desert war looks like.","","",""
"LOW","german","herkules42","SPRING 1942","outcome","Mussolini's regime staked its prestige on North Africa, and a visibly abandoned Italian war effort accelerates exactly the Italian collapse you'll be managing in 1943 regardless.","","",""
"LOW","german","suezOpening42","SUMMER 1942","situation","Malta's fall changes the arithmetic the historical desert campaign never got to test: convoys reach Tripoli and Benghazi at close to full strength for the first time in the war, and Rommel's own chronic complaint — always almost enough fuel to finish what he started — has an answer he never actually had.","","",""
"LOW","german","suezOpening42","SUMMER 1942","outcome","The fuel solved one problem and not the others: British defensive preparation, Montgomery's incoming reinforcement schedule, and the sheer geography of the position at Alam Halfa all argued against the desert war ending here regardless of what the convoys carried.","","",""
"LOW","german","heydrichReprisals42","JUNE 1942","situation","What has already happened is not a decision this desk gets to make: on Hitler's direct order, the village of Lidice was surrounded on June 10th, its men executed, its women deported, most of its children sent to their deaths at Chełmno.","","",""
"LOW","german","heydrichReprisals42","JUNE 1942","outcome","What actually followed: the Protectorate's occupation continued under a doctrine of maximum terror through 1945, with further reprisals of the same character when later resistance acts occurred.","","",""
"LOW","german","caseBlue","JUNE 1942","outcome","Only on the table because this path banked the fuel to attempt it — a two-phase campaign season is a logistics luxury the historical 1942, running on fumes, could not have scheduled.","","",""
"LOW","german","torch42","NOVEMBER 1942","situation","Vichy's forces there resist for barely two days before Admiral Darlan brokers a ceasefire and hands the territory to the Allies — a defection that ends the strategic purpose Vichy's 'Free Zone' in metropolitan France was created to serve.","","",""
"LOW","german","torch42","NOVEMBER 1942","quote","Occupy the whole zone and we hand Darlan no choice but to burn the fleet.","","",""
"LOW","german","maltaAftermath","AUTUMN 1942","situation","Rommel's Panzerarmee is receiving fuel and vehicles at rates the historical desert war never saw — and the question the historical record never got to ask arrives on your desk.","","",""
"LOW","german","maltaAftermath","AUTUMN 1942","situation","A supplied Rommel is a different animal — but the bottleneck is still a bottleneck, and the British buildup clock still runs.","","",""
"LOW","german","maltaAftermath","AUTUMN 1942","outcome","Reasoned projection, honestly bounded: a fully fueled Panzerarmee makes the Alam Halfa gambit a genuine battle rather than a fuel-starved lunge, and plausibly cracks the position before Montgomery's superiority peaks — the best desert outcome reachable in this campaign.","","",""
"LOW","german","maltaAftermath","AUTUMN 1942","outcome","Reasoned projection of the conservative dividend: a properly supplied defensive line at the war's best natural chokepoint is truly formidable, and Montgomery's methodical style obliges by taking the time to be overwhelming.","","",""
"LOW","german","britishCrisis42","AUTUMN 1942","outcome","A confidence crisis breaks the wartime coalition's unity; a new government, formed around the faction that asked about terms in May 1940, signals through Stockholm that an armistice conversation can occur.","","",""
"LOW","german","britishCrisis42","AUTUMN 1942","outcome","The coalition's answer to a lost army and a strangled sea is the answer of 1940 with more anger behind it — and the leaked fact of the approach hardens American opinion measurably.","","",""
"LOW","german","britishCrisis42","AUTUMN 1942","outcome","It goes nowhere formally, Churchill's position holds as the consensus says it should, but the fact that pressure alone produced what an actual approach didn't is not lost on Berlin's planners.","","",""
"LOW","german","elAlamein","JULY – NOVEMBER 1942","situation","Rommel's pursuit has reached El Alamein, sixty miles from Alexandria — and stopped.","","",""
"LOW","german","elAlamein","JULY – NOVEMBER 1942","outcome","Essentially what happened, in stages — Alam Halfa in September, then grinding defense until Montgomery's October offensive broke the position.","","",""
"LOW","german","elAlamein","JULY – NOVEMBER 1942","outcome","The retreat that followed ran two thousand kilometers and never really stopped until Tunisia, where the army was finally lost entirely in May 1943 — a quarter-million Axis prisoners, a second Stalingrad that history remembers less.","","",""
"LOW","german","elAlamein","JULY – NOVEMBER 1942","outcome","What Rommel's own plan called for and the real attempt, on fumes and against accurate British estimates, could not deliver: the ridge falls before the buildup Montgomery was banking on ever completes.","","",""
"LOW","german","elAlamein","JULY – NOVEMBER 1942","outcome","The fuel arithmetic Rommel cited in his own after-action message catches this attempt exactly where it caught the historical one: stalled short of the ridge, in the open, under a sky the Desert Air Force never stopped owning.","","",""
"LOW","german","elAlamein","JULY – NOVEMBER 1942","outcome","Rommel effectively tried a version of this after Alam Halfa, and the position's geography truly favored defense.","","",""
"LOW","german","elAlamein","JULY – NOVEMBER 1942","outcome","But holding at the end of a strangled supply line only delays the arithmetic: the British buildup compounds monthly while yours doesn't, and the eventual offensive hits with whatever superiority Montgomery decides to wait for.","","",""
"LOW","german","stalingradPocket","NOVEMBER 1942","outcome","This is what General Paulus actually requested, and Hitler refused it, ordering the army to hold as a 'fortress' instead.","","",""
"LOW","german","stalingradPocket","NOVEMBER 1942","outcome","The fuel arithmetic that would strand Manstein's own relief column three weeks later catches this breakout earlier and just as completely — a column in the open, without the pocket's own perimeter to fall back on, is not obviously safer than a fortress that at least has walls.","","",""
"LOW","german","stalingradPocket","NOVEMBER 1942","outcome","There's no scaled-back Kursk to fight this time; the eastern front effectively collapses in early 1943, more than two years ahead of the real war's ending.","","",""
"LOW","german","stalingradPocket","NOVEMBER 1942","outcome","Would mean abandoning Stalingrad before Uranus closes — politically unthinkable to Hitler given the city's name, but militarily the option that best preserved Sixth Army as a fighting force for the rest of the war.","","",""
"LOW","german","stalingradPocket","NOVEMBER 1942","outcome","Every option in this campaign that requires Hitler to accept a visible retreat carries the same asterisk: correct on the merits, unreachable in the real command structure.","","",""
"LOW","german","easternCollapse1943","EARLY 1943","situation","The compounding losses since 1941 leave Sixth Army's destruction the blow the front can't absorb.","","",""
"LOW","german","easternCollapse1943","EARLY 1943","situation","Army Group South's line disintegrates faster than any historical retreat — this isn't the slow 1943–45 grind of the real war, it's a rout, and the reports arriving hourly can't even agree where the front line currently is.","","",""
"LOW","german","easternCollapse1943","EARLY 1943","situation","There's no Kursk to fight here and no long buildup to Normandy on the historical terms: the war in the east is effectively lost more than two years before Berlin in fact fell in 1945.","","",""
"LOW","german","blackMay","MAY 1943","situation","Dönitz's staff can measure the losses precisely but can only guess at the cause: some combination of escort carriers closing the mid-Atlantic air gap, new centimetric radar the boats can't detect, apparently limitless escort numbers, and something in Allied convoy routing that keeps anticipating wolfpack positions with unsettling accuracy. (That last one was Bletchley Park reading naval Enigma — a possibility B-Dienst assessed and officially dismissed as impossible.) The U-boat arm's casualty rate is on its way to becoming the worst of any service branch in any nation in the war: roughly three in four crewmen will not survive it.","","",""
"LOW","german","blackMay","MAY 1943","outcome","The likely shape of Dönitz's own logic taken past its breaking point: he believed to the end that the tonnage war was the war.","","",""
"LOW","german","blackMay","MAY 1943","outcome","Continuing into the teeth of May 1943's conditions feeds trained crews into a technological mismatch the boats cannot survive — every month of continuation is another cohort of the most experienced submariners lost, without moving the Allied buildup curve at all.","","",""
"LOW","german","blackMay","MAY 1943","outcome","The Type XXI 'electro-boat' was revolutionary — but its historical program was crippled by exactly the industrial disruption and design-by-committee problems that a 1943 crash program would face under intensifying bombing.","","",""
"LOW","german","blackMay","MAY 1943","outcome","Even a best-case acceleration puts meaningful numbers to sea in late 1944 at the earliest, against an anti-submarine system that has been improving the whole time.","","",""
"LOW","german","atlanticAttrition43","SUMMER 1943","situation","Somewhere in Dönitz's own staff, the numbers are being compared to his son's death aboard U-954 in May — a loss the Grand Admiral absorbed in near-silence and never once let show in a war conference.","","",""
"LOW","german","reconstituted","1943","outcome","Extra divisions likely raise Soviet losses somewhat, but the same minefields, anti-tank gun density, and reserves that stopped the historical Citadel don't stop existing just because more tanks arrive — this still ends as an attritional loss, only a larger one.","","",""
"LOW","german","reconstituted","1943","outcome","No offensive means no offensive losses, and the reconstituted divisions sit in reserve rather than being spent — at the cost of ceding the initiative to the Red Army even more completely than the historical defensive-minded critics of Citadel wanted.","","",""
"LOW","german","vlasov43","1943","situation","Andrey Vlasov — a Soviet general captured after his army's collapse at Volkhov last summer, and by any honest reading one of the more capable commanders the Red Army has fielded — has offered something no defector before him has: not just himself, but a political argument for turning captured and disaffected Soviet soldiers into an actual army against Stalin.","","",""
"LOW","german","vlasov43","1943","outcome","What actually happened, and for most of the war's remaining length: Vlasov's movement exists mostly on paper and in leaflets dropped over Soviet lines, its actual troops scattered in small units under German command rather than assembled into anything resembling the army he was promised.","","",""
"LOW","german","vlasov43","1943","outcome","The formal Russian Liberation Army isn't organized as real divisions until November 1944 — too late to matter militarily, in time only to surrender to the Americans rather than fight to the end for a cause that was never given the chance to be tested.","","",""
"LOW","german","vlasov43","1943","quote","Give me the men already sitting in your camps and already deserting at your front line, and I will give you formations that fight Stalin for reasons your own troops have stopped believing in.","","",""
"LOW","german","kursk","1943","situation","Manstein wants to strike as soon as possible, before this system finishes maturing.","","",""
"LOW","german","kursk","1943","situation","Hitler wants to wait for new Panther tanks to reach strength first — but the Panthers arriving now are breaking down and catching fire in trials, and the workshops can't say when that will stop.","","",""
"LOW","german","kurskAftermath43","JUNE 1943","situation","A genuine tactical win at Kursk — rare enough on this front by 1943 that it briefly changes the tone of the briefing room rather than just the map.","","",""
"LOW","german","expandedOffensive43","JULY 1943","situation","This is the deepest operational departure from the historical record this campaign reaches after Kursk — Germany never actually had a tactical win here to spend, so nothing about what follows is documented, only reasoned forward from real 1943 order-of-battle.","","",""
"LOW","german","expandedOffensive43","JULY 1943","situation","So is everything that made every other eastern offensive since 1941 eventually fail: Soviet reserves the intelligence picture never fully counts, a production gap that widens every quarter, and a supply system that was never built for exploitation this deep.","","",""
"LOW","german","expandedOffensive43","JULY 1943","outcome","The narrow case, stated as narrowly as it deserves: fresh Soviet reserves are still assembling rather than already committed, and the drive reaches meaningfully further than any version of this campaign's eastern offensives has gone since 1941 — a real operational gain, not just a tactical one.","","",""
"LOW","german","expandedOffensive43","JULY 1943","outcome","What every serious accounting of this scenario concludes: the same Soviet reserves that stopped every other eastern ambition since Moscow are already moving, whether or not this year's intelligence has found them yet, and a tactical win at Kursk was never going to change the underlying arithmetic of 1943.","","",""
"LOW","german","twoFires1943","SEPTEMBER 1943","situation","Occupying the peninsula and disarming Italian forces (Operation Achse) needs divisions — the same divisions the Dnieper line in Ukraine needs to keep from buckling under sustained Soviet pressure following Kursk.","","",""
"LOW","german","twoFires1943","SEPTEMBER 1943","outcome","Close to what actually happened — pre-positioned forces under Kesselring and Rommel disarmed most Italian units within days of the armistice, a genuine German success.","","",""
"LOW","german","twoFires1943","SEPTEMBER 1943","outcome","But it meant the Dnieper line got reinforced late, and Soviet forces advanced through Ukraine somewhat faster in the second half of 1943 than they would have with earlier eastern reinforcement.","","",""
"LOW","german","mussoliniRescue43","SEPTEMBER 12, 1943","situation","Hitler wants him found and extracted — not for any military value the man himself still has, but for what a rescued and reinstalled Duce is worth as a political fact: continued Italian collaboration, a legal fiction of Fascist governance in whatever of the peninsula stays under German control, and a public answer to Badoglio's armistice that isn't simply silence.","","",""
"LOW","german","mussoliniRescue43","SEPTEMBER 12, 1943","outcome","Mussolini is flown out on an overloaded light aircraft that barely clears the ridge on takeoff, delivered to Hitler within days, and installed as nominal head of the Italian Social Republic at Salò — a state with an army, a currency, and almost no independent authority, since German forces run the peninsula's actual military and security decisions regardless of what Salò's ministries claim.","","",""
"LOW","german","mussoliniRescue43","SEPTEMBER 12, 1943","outcome","Northern Italy still gets occupied and administered exactly as it does regardless of whether a puppet Duce sits nominally atop it; what's actually lost is the propaganda value of a reconstituted Fascist state and whatever collaborationist recruitment his name still carries in September 1943, which by most contemporary estimates was already thinner than Berlin wanted to believe.","","",""
"LOW","german","italyPartisans","LATE 1943","outcome","German anti-partisan operations in Italy tied down real manpower through 1944 and into 1945 — a standing tax on the western reserve that never fully goes away for the rest of the war, no matter what else is decided.","","",""
"LOW","german","dnieperStabilized","LATE 1943","outcome","Reasoned projection: this is the single firmest eastern line reachable anywhere in this campaign — a genuine counterfactual improvement over the historical autumn of 1943.","","",""
"LOW","german","italianLine43","OCTOBER – NOVEMBER 1943","situation","Rommel, commanding in the north, wants southern and central Italy given up without a serious fight and the line drawn in the northern Apennines — short, close to the Alps, defensible by fewer divisions, with the freed formations sent where the war is actually being decided.","","",""
"LOW","german","italianLine43","OCTOBER – NOVEMBER 1943","situation","Kesselring wants the opposite: a forward defense holding south of Rome, on the argument that Italian terrain favors a defender so heavily that a determined stand costs the Allies far more than it costs the Reich, and keeps their bombers off the southern approaches.","","",""
"LOW","german","italianLine43","OCTOBER – NOVEMBER 1943","situation","Kesselring got the decision historically, and his campaign is conventionally rated the most effective sustained delaying action of the war — twenty months from Salerno to the Po.","","",""
"LOW","german","italianLine43","OCTOBER – NOVEMBER 1943","outcome","What Hitler decided, and on its own terms it worked: successive prepared lines — Volturno, Gustav, Gothic — held for twenty months, tying down substantial Allied forces in a theatre that never became the decisive one, and making Cassino and Anzio mean what they now mean.","","",""
"LOW","german","italianLine43","OCTOBER – NOVEMBER 1943","outcome","The bill is the one Rommel predicted and Kesselring's defenders still contest: those divisions were in Italy, and therefore not in France in June or on the Vistula in July.","","",""
"LOW","german","italianLine43","OCTOBER – NOVEMBER 1943","quote","Kesselring proposes to sell them Italy slowly.","","",""
"LOW","german","italianLine43","OCTOBER – NOVEMBER 1943","outcome","CONTESTED — the argument Rommel actually made, and its consequences run both ways in a manner no assessment fully resolves.","","",""
"LOW","german","italianLine43","OCTOBER – NOVEMBER 1943","outcome","What is surrendered is equally real: the southern airfields, from which Allied bombers reach targets the Reich had assumed were beyond range, and the twenty months of Allied attention Kesselring's campaign in fact consumed.","","",""
"LOW","german","stockholmFeelers43","SEPTEMBER – DECEMBER 1943","situation","Peter Kleist, an official with eastern-policy responsibilities, has been meeting Edgar Clauss — a Baltic German businessman in Stockholm with genuine access to the Soviet legation — who says Moscow is willing to discuss terms.","","",""
"LOW","german","stockholmFeelers43","SEPTEMBER – DECEMBER 1943","situation","What is genuinely disputed is what Stalin was doing.","","",""
"LOW","german","stockholmFeelers43","SEPTEMBER – DECEMBER 1943","situation","The other has the feelers as deliberate leverage, conducted loudly enough for London and Washington to hear, to extract commitments from allies Stalin did not trust.","","",""
"LOW","german","stockholmFeelers43","SEPTEMBER – DECEMBER 1943","outcome","Hitler's refusal to countenance the approach turns out to have cost nothing real, which is not the same as it having been correct.","","",""
"LOW","german","stockholmFeelers43","SEPTEMBER – DECEMBER 1943","outcome","The contacts were never authorized as negotiations, Hitler refused every approach on principle, and the file closed with nothing gained and nothing risked.","","",""
"LOW","german","firmestLine43","WINTER 1943–44","situation","The Dnieper holds — truly, not as a propaganda phrase — and for the first time since 1941 the eastern staff has a front that isn't a running argument about where the next collapse happens.","","",""
"LOW","german","vWeaponsProduction44","SPRING 1944","situation","The V-1 flying bomb is weeks from operational readiness, the V-2 rocket not far behind it, and Hitler wants both scaled to maximum production — retaliation weapons for a public that has absorbed years of Allied bombing with no answer to point to.","","",""
"LOW","german","vWeaponsProduction44","SPRING 1944","situation","Speer's own production ministry has run the numbers and reached a conclusion he is not certain this room wants to hear: the resources committed to the V-2 program alone, in skilled labor and material, rival what the entire Reich has spent on any single weapons project of the war, for a payload smaller than a single heavy bomber's and an accuracy measured in miles rather than yards.","","",""
"LOW","german","vWeaponsProduction44","SPRING 1944","outcome","The redirection Speer's own ministry argued for and never fully received historically: a smaller, still-real retaliation program alongside a meaningfully larger fighter output over the war's final year.","","",""
"LOW","german","vWeaponsProduction44","SPRING 1944","outcome","It does not change the war's trajectory — by spring 1944 no single production decision does — but it is, on the ministry's own arithmetic, the more defensible allocation of a resource base that has nothing to spare either way.","","",""
"LOW","german","normandy","JUNE 1944","outcome","Operation Fortitude's phantom army held Fifteenth Army at Calais for WEEKS after D-Day, waiting for a second invasion that never existed.","","",""
"LOW","german","normandy","JUNE 1944","outcome","The landing still succeeds — naval gunfire and total air supremacy see to that — but at a cost in time and blood that echoes through the rest of 1944.","","",""
"LOW","german","normandy","JUNE 1944","outcome","Rommel's twenty-four decisive hours pass with the decisive divisions two hundred kilometers from the battle.","","",""
"LOW","german","bagration44","JUNE 1944","situation","Army Group Center's sector, by contrast, is assessed as quiet — its front bulging east in a salient Hitler has ordered held via 'fortified places,' cities designated to stand even if surrounded.","","",""
"LOW","german","bagration44","JUNE 1944","outcome","Belarus is still lost — the force ratio never stopped meaning that — but Army Group Center survives June 1944 as an army rather than a casualty list, which the historical version of this exact hedge never quite managed.","","",""
"LOW","german","bagration44","JUNE 1944","outcome","The option only an unusually well-managed war can put on the table: rejecting FHO's confident-but-wrong assessment is the counterfactual best case on its own, and this path pairs it with real reserves the historical German army of June 1944 never had to allocate — the fruit of years spent not spending everything as it arrived.","","",""
"LOW","german","eastStand44","AUGUST 1944","outcome","Reasoned projection of the most seductive option in the eastern war's endgame — the 1943 Kharkov counterstroke proved the pattern can work.","","",""
"LOW","german","eastStand44","AUGUST 1944","outcome","Against 1944's Red Army the honest version is smaller: the overextended lead elements are mauled, several tank corps' worth, and the offensive stops early — but this Red Army absorbs a Kharkov the way 1943's absorbed a bad week.","","",""
"LOW","german","collapse1944","SUMMER – AUTUMN 1944","situation","Bagration has landed on an army already bled past the point of absorption by the years of decisions behind it.","","",""
"LOW","german","collapse1944","SUMMER – AUTUMN 1944","outcome","It shortens the war by months compared to history — Soviet forces reach Germany's borders in autumn 1944 rather than spring 1945 — but more of the army survives to surrender at the end of it.","","",""
"LOW","german","july20Plot44","JULY 20, 1944","situation","The first reports reaching this headquarters are contradictory and thin — a serious attempt on Hitler's life, an unclear outcome, and a chain of command in Berlin that doesn't yet know which version of the next hour it's operating in.","","",""
"LOW","german","july20Plot44","JULY 20, 1944","situation","What actually happened in that hut, a heavy oak table leg positioned by chance between Hitler and the blast, is not something this command can influence or even confirm yet.","","",""
"LOW","german","july20Plot44","JULY 20, 1944","outcome","What actually happened: Hitler survives with relatively minor injuries — burst eardrums, minor burns, a shredded uniform kept afterward as something close to a relic.","","",""
"LOW","german","july20Plot44","JULY 20, 1944","outcome","The margin by which Hitler actually survived was measured in a single piece of oak furniture and the decision, made hours earlier for unrelated reasons, to hold the briefing in a wooden hut with open windows rather than the reinforced concrete bunker nearby — a decision that dispersed the blast enough to let him live.","","",""
"LOW","german","july20Plot44","JULY 20, 1944","outcome","What actually happened, with this headquarters having spent the confused hour securing its own perimeter for a crisis that turns out to already be resolving: Hitler survives with relatively minor injuries, and the independent security measures read, in retrospect, as either commendable caution or a faintly suspicious anticipation of a Führer who was not, after all, dead.","","",""
"LOW","german","july20Plot44","JULY 20, 1944","outcome","The margin by which Hitler actually survived was measured in a single piece of oak furniture.","","",""
"LOW","german","july20PlotFails44","JULY 1944","situation","Hitler survives with minor injuries — a heavy oak table leg, positioned between him and the blast by chance, becomes within hours the subject of furious talk in Berlin about fate and providence.","","",""
"LOW","german","july20PlotFails44","JULY 1944","situation","The conspiracy behind it, when it unravels over the following days, reaches deep into the officer corps: men who concluded, watching two more years of the war's arithmetic play out exactly as this campaign's own numbers have, that only removing Hitler could end it before total ruin.","","",""
"LOW","german","rommelFate44","OCTOBER 1944","situation","Field Marshal Rommel's name has surfaced in the widening inquiry — his actual degree of involvement in the plot is, and remains to this day, honestly disputed among historians who have studied the same evidence and reached different conclusions.","","",""
"LOW","german","rommelFate44","OCTOBER 1944","situation","The regime has to decide whether Rommel's case gets the same process as everyone else's, or a different one.","","",""
"LOW","german","rommelFate44","OCTOBER 1944","quote","I am proposing that this regime cannot afford what a public trial of this particular name would cost it, and Rommel understands that arithmetic as well as anyone in this room.","","",""
"LOW","german","rommelFate44","OCTOBER 1944","outcome","What actually happened: two generals arrive at Rommel's home in Herrlingen on October 14th with the offer and its unstated alternative — take the cyanide, receive a state funeral and an official death by heart failure, and his family keeps its pension and its safety, or face the People's Court and whatever it decides for all three.","","",""
"LOW","german","rommelFate44","OCTOBER 1944","outcome","Rommel chooses the former.","","",""
"LOW","german","rommelFate44","OCTOBER 1944","outcome","The public is told the Desert Fox died of injuries from an earlier strafing attack, and Hitler sends an official wreath to the funeral of a man his own regime just had killed.","","",""
"LOW","german","rommelFate44","OCTOBER 1944","outcome","Whether Rommel was in fact more or less involved than the officers already convicted is a question a public proceeding would have to actually litigate rather than quietly avoid — and Goebbels's ministry spends real effort afterward managing a story it no longer fully controls.","","",""
"LOW","german","hitlerDead44","JULY 20, 1944 — THE FOLLOWING HOURS","situation","In the real July 20th, Hitler survived, called Berlin personally, and a Guard Battalion commander named Remer — hearing that voice, unmistakably alive — turned against the plotters within the hour and crushed Operation Valkyrie by evening.","","",""
"LOW","german","hitlerDead44","JULY 20, 1944 — THE FOLLOWING HOURS","situation","Radio traffic from Berlin now carries two contradictory stories at once: Valkyrie's own cover narrative — that the SS has moved against the state, and the Replacement Army is restoring order — and a second, thinner stream of loyalist confusion from officials who don't yet know which story is true.","","",""
"LOW","german","hitlerDead44","JULY 20, 1944 — THE FOLLOWING HOURS","situation","What every serious counterfactual study of this exact moment agrees on: without Hitler's voice on the phone, Valkyrie's actual chances were real, not decisive — the officer corps' loyalty oaths ran deep, but so did four years of watching this war's arithmetic turn against everything those oaths were sworn to.","","",""
"LOW","german","hitlerDead44","JULY 20, 1944 — THE FOLLOWING HOURS","outcome","The plotters' actual stated aim, achieved on odds this campaign judges real rather than certain: enough of the officer corps recognizes the new government for Valkyrie to hold Berlin and the western military districts, and within weeks a military government opens armistice contact with the Western Allies — Stauffenberg, Beck, and Goerdeler's circle were never unified on postwar terms, but ending the war before total occupation was the one goal every conspirator shared.","","",""
"LOW","german","hitlerDead44","JULY 20, 1944 — THE FOLLOWING HOURS","outcome","The harder-edged historical judgment, and the one most serious studies of this scenario actually favor: even without Hitler's voice on the phone, the officer corps' loyalty oath, four years of habituated obedience, and simple confusion about which story to believe hold enough of the military apparatus in place for loyalist officials — Himmler foremost among them, moving fast to claim the succession his SS already gives him the machinery to enforce — to isolate and crush the Berlin plotters within days rather than hours.","","",""
"LOW","german","hitlerDead44","JULY 20, 1944 — THE FOLLOWING HOURS","outcome","The reasoning that, on the balance of most serious counterfactual analysis, actually carries the officer corps: four years of oath and habit are a real force even against a bomb this campaign judges fully capable of killing him, and this headquarters' refusal to recognize a proclamation over confirmed succession is echoed widely enough that Valkyrie stalls outside Berlin.","","",""
"LOW","german","hitlerDead44","JULY 20, 1944 — THE FOLLOWING HOURS","outcome","The war continues — but it continues under a leadership already visibly fractured, Himmler and the surviving party apparatus improvising an authority Hitler's own decree named but never expected to actually need this soon, on top of everything else this campaign has already cost.","","",""
"LOW","german","valkyrieGovernment44","AUGUST 1944","situation","Every serious study of this exact question returns the same hard fact standing in that plan's way — the Casablanca declaration and Roosevelt's own private assurances to Stalin bound the Western Allies against exactly this kind of separate deal, precisely to deny any future German government the stab-in-the-back myth a separate peace would hand it.","","",""
"LOW","german","valkyrieGovernment44","AUGUST 1944","outcome","The minority case, and the one the original coin-flip's own outcome text already described: enough of Washington and London's working-level contacts read the regime change as real, rather than as a negotiating trick, that armistice contact opens on the western front alone — Roosevelt's assurances to Stalin notwithstanding.","","",""
"LOW","german","valkyrieGovernment44","AUGUST 1944","outcome","Washington and London decline to treat with a government that removed Hitler but not the war on two fronts he started.","","",""
"LOW","german","valkyrieGovernment44","AUGUST 1944","outcome","The costlier-looking path turns out to be the steadier one: Stalin's own well-documented suspicion of exactly this scenario — a Wehrmacht-officer coup cutting a separate deal with the West against Soviet interests — never gets the chance to harden into policy, because the new government never gave him grounds to accuse it of trying.","","",""
"LOW","german","caenAttrition","JULY 1944","situation","Montgomery's forces have thrown three major offensives at the city — Epsom, then Charnwood, now Goodwood, over 400 tanks committed in a single push down the Orne valley — and the city is a ruin, mostly held, at a cost neither side is finished paying.","","",""
"LOW","german","caenAttrition","JULY 1944","situation","Rommel is not in this room.","","",""
"LOW","german","caenAttrition","JULY 1944","situation","A strafing attack on his staff car two days ago left him hospitalized, and Kluge — recalled from the east to take Army Group B along with the overall western command — has inherited both the front and the argument Rommel spent six weeks making to a Berlin that kept deferring it: the armor concentrated in front of the British and Canadians at Caen is exactly the armor not watching the American sector, and an American breakout, if one comes, will come where the tanks are not.","","",""
"LOW","german","caenAttrition","JULY 1944","outcome","Caen's defense consumed the panzer divisions historically concentrated there through July, and it worked on its own narrow terms — Montgomery's tanks paid dearly for Goodwood's ground, and the city held past every Allied schedule for it.","","",""
"LOW","german","caenAttrition","JULY 1944","outcome","What holding bought was time, not safety: the armor spent defending Caen is the armor not covering the American sector at Saint-Lô, and Bradley's Operation Cobra is about to find out exactly how thin that leaves the line it breaks.","","",""
"LOW","german","caenAttrition","JULY 1944","quote","Montgomery is not the one who ends this campaign quickly.","","",""
"LOW","german","caenAttrition","JULY 1944","quote","Bradley is.","","",""
"LOW","german","caenAttrition","JULY 1944","outcome","The option Hitler's standing orders never permitted in practice: a deliberate, planned withdrawal to a shorter line, preserving the army at the cost of the ground and the political statement holding it was meant to make.","","",""
"LOW","german","falaiseGerman","AUGUST 1944","situation","The gap Patton's spearheads and the Canadians and Poles have been racing to close is nearly shut.","","",""
"LOW","german","arnhem44","SEPTEMBER 1944","outcome","Essentially what happened, and one of the last clear German defensive victories of the war: Model's improvised response cut the corridor repeatedly, and the British 1st Airborne at Arnhem was destroyed as a fighting force — roughly three-quarters of it killed or captured.","","",""
"LOW","german","arnhem44","SEPTEMBER 1944","outcome","The Rhine stayed uncrossed here until 1945.","","",""
"LOW","german","ardennes","DECEMBER 1944","quote","One blow through the Ardennes — as in 1940 — and the enemy coalition cracks along its seam.","","",""
"LOW","german","hungaryGamble45","JANUARY – MARCH 1945","situation","Guderian is nearly shouting in conferences: the Soviets are on the Oder, sixty kilometers from Berlin, and every tank belongs there.","","",""
"LOW","german","hungaryGamble45","JANUARY – MARCH 1945","situation","Hitler's answer is Hungary: the Nagykanizsa oil fields near Lake Balaton are the last crude the Reich controls, the synthetic plants are rubble under round-the-clock bombing, and an army with no fuel defends nothing.","","",""
"LOW","german","hungaryGamble45","JANUARY – MARCH 1945","outcome","The oil fields were lost anyway, the last armored reserve was spent hundreds of kilometers from Berlin, and Guderian was dismissed for continuing to object.","","",""
"LOW","german","hungaryGamble45","JANUARY – MARCH 1945","outcome","Guderian's position: a full SS panzer army on the Oder makes the Soviet drive on Berlin slower and costlier — weeks, plausibly, not months — and the honest fuel accounting undercuts the counterargument, since Hungarian crude could no longer be refined and distributed at scale under the bombing anyway.","","",""
"LOW","german","rhineDefense45","MARCH 1945","outcome","The conservative answer, and probably the correct one: no counterattack in March 1945 changes whether the Rhine is crossed, only where the reserve dies.","","",""
"LOW","german","reichStand45","FEBRUARY 1945","situation","Only reachable because this path still has an army worth allocating — and for the first time since 1940, the war's largest question is truly open in a way the historical February 1945 never allowed itself to ask out loud.","","",""
"LOW","german","reichStand45","FEBRUARY 1945","quote","I command a third of a million men who have fired barely a shot since 1940.","","",""
"LOW","german","reichStand45","FEBRUARY 1945","outcome","The strangest real file in the OKW's cabinet, activated: Norway's garrison existed at this strength and sat out the war's end nearly untouched — Hitler's fixation on a British invasion of Norway that never came kept it there through every crisis that begged for it elsewhere.","","",""
"LOW","german","reichStand45","FEBRUARY 1945","outcome","Moving anything more to it in 1945 means shipping across a Skagerrak the Royal Navy owns, at night, in whatever still floats.","","",""
"LOW","german","reichStand45","FEBRUARY 1945","outcome","The choice no historical February 1945 could have written down, because the army it required didn't exist by then.","","",""
"LOW","german","reichStand45","FEBRUARY 1945","outcome","It doesn't change the war's arithmetic; nothing left in 1945 does.","","",""
"LOW","german","oderDefense45","APRIL 1945","situation","Zhukov's offensive across the Oder is coming, and the intelligence, unusually, is precise: a captured Soviet soldier has given the attack's exact hour, and Heinrici — the Wehrmacht's acknowledged master of defense — believes him.","","",""
"LOW","german","oderDefense45","APRIL 1945","situation","His proposal is characteristic: quietly pull the infantry off the first trench line hours before the attack, let the largest artillery bombardment of the war fall on empty positions, then meet the assault from the second line while Zhukov's own searchlights — meant to blind the defenders — silhouette his infantry against the night.","","",""
"LOW","german","oderDefense45","APRIL 1945","situation","Hitler's standing doctrine says the opposite: not one step back from the forward line.","","",""
"LOW","german","oderDefense45","APRIL 1945","quote","Zhukov will spend a million shells killing empty dirt.","","",""
"LOW","german","oderDefense45","APRIL 1945","outcome","What Heinrici in fact did, and it worked: the opening bombardment fell largely on vacated positions, the searchlights backlit the attackers, and Seelow Heights cost Zhukov several days and casualty figures usually put above thirty thousand for a battle he expected to win in one morning.","","",""
"LOW","german","oderDefense45","APRIL 1945","outcome","The doctrine-compliant projection, and its arithmetic is short: the heaviest artillery concentration of the entire war — Zhukov massed guns at densities of hundreds per kilometer — lands on fully manned positions.","","",""
"LOW","german","berlinDefense45","APRIL 1945","situation","The ring around Berlin is closing, but this path has preserved something most of the collapsing German war effort by April 1945 did not: enough organized strength that the city's defense is a real question of allocation, not just improvisation.","","",""
"LOW","german","berlinDefense45","APRIL 1945","situation","Goebbels, as the Reich Defense Commissioner for Berlin, has already ordered the Volkssturm — the last-ditch militia of Hitler Youth boys as young as twelve and men in their sixties, armed with whatever rifles and Panzerfausts remain — into the line alongside what's left of the regular Wehrmacht and SS.","","",""
"LOW","german","flensburg45","MAY 1945","situation","Hitler is dead by his own hand in the Berlin bunker; his political testament names Grand Admiral Dönitz as his successor.","","",""
"LOW","german","flensburg45","MAY 1945","situation","What Dönitz inherits from a schoolhouse headquarters in Flensburg is not a government in any working sense — it is the authority to decide exactly how the surrender happens, and nothing else.","","",""
"LOW","german","flensburg45","MAY 1945","outcome","What Dönitz really attempted.","","",""
"LOW","german","flensburg45","MAY 1945","outcome","Eisenhower flatly refused a partial surrender and threatened to close the western front to any further German refugees unless the capitulation covered all fronts simultaneously.","","",""
"LOW","german","flensburg45","MAY 1945","outcome","Dönitz's delegation signed at Reims on May 7 — but in the days of partial, informal surrenders that preceded it (Army Group G on May 5, German forces in the Netherlands, northwest Germany, and Denmark to Montgomery on May 4), a real, if uncounted, number of soldiers and refugees crossed west ahead of the Soviet advance.","","",""
"LOW","german","flensburg45","MAY 1945","outcome","Stalin, unsatisfied that a French schoolhouse was where his war should be formally ended, insisted on a second ratification in Soviet-occupied Berlin on May 8–9 — the ceremony now remembered as Karlshorst.","","",""
"LOW","italy","nonBelligerence40","JUNE 1940","situation","Italy declared 'non-belligerence' — not neutrality, a deliberately temporary word — in September 1939, and the standing plan always assumed a longer war would eventually force a choice.","","",""
"LOW","italy","enduringNeutrality40","AUTUMN 1940","situation","Hitler's attention this autumn is elsewhere, but an Axis partnership that exists on paper without an Italian war to show for it is not a position anyone in this room expects Berlin to leave unexamined indefinitely.","","",""
"LOW","italy","germanPressure41","1941","situation","A year into a European war Italy has still not entered on either side, Berlin's attention through most of 1941 is consumed by a campaign in the Soviet Union that dwarfs anything the Mediterranean could offer — which has, so far, worked in Rome's favor more than any Italian diplomacy has.","","",""
"LOW","italy","germanPressure41","1941","outcome","By late 1942, with the strategic picture shifting and Rome's usefulness as a compliant-but-uncommitted neighbor no longer outweighing the risk of leaving it that way, Berlin moves.","","",""
"LOW","italy","medStrategy40","JULY 1940","outcome","The convoy war to Libya is rewritten from this point forward — there is no year-long argument left to have about an Operation Hercules, because there is no island left across the shipping lanes to invade.","","",""
"LOW","italy","gibraltarGambit40","SEPTEMBER 1940","situation","Ciano's overture to Madrid runs immediately into the arithmetic that will, in the war's actual record, sink Franco and Hitler's own Hendaye meeting in October without Rome's help: Franco's price for entering the war is not applause, it is territory — French Morocco, the Oran district, weapons and grain Spain cannot feed itself without — and every acre of French North Africa promised to Madrid is an acre a rival claimant government in Rome has its own long-standing designs on.","","",""
"LOW","italy","gibraltarResolution40","OCTOBER 23, 1940","situation","The meeting the documented history actually records — Hitler's train halted at the French-Spanish border town of Hendaye, nine hours of negotiation that end with Franco's price unmet and Spain still out of the war — runs this time with an Italian delegation present and Rome's guarantees on the table alongside Berlin's.","","",""
"LOW","italy","gibraltarResolution40","OCTOBER 23, 1940","outcome","Spanish and German forces move on Gibraltar in early 1941, and the Mediterranean's western mouth closes — Force H, the Gibraltar-based squadron that has spent a year raiding Italian convoys and escorting everything bound for Malta, no longer has a home port to sail from.","","",""
"LOW","italy","gibraltarResolution40","OCTOBER 23, 1940","outcome","Every convoy calculation this command has made since June 1940 is due for revision.","","",""
"LOW","italy","greeceDecision40","OCTOBER 1940","situation","Hitler's unannounced occupation of Romania's oilfields in early October — a move made without so much as a courtesy cable to Rome — has left Mussolini furious about being treated as a junior partner informed after the fact rather than consulted before it.","","",""
"LOW","italy","greeceDecision40","OCTOBER 1940","quote","Hitler will find out from the newspapers that I have occupied Greece.","","",""
"LOW","italy","greeceDecision40","OCTOBER 1940","outcome","The argument every honest postwar account of this campaign says should have won, and in the actual October 1940 meeting did not: a properly resourced Albania force, given road-building time and a dry-season start, addresses most of what made the historical invasion a rolling catastrophe.","","",""
"LOW","italy","greeceWinter40","NOVEMBER 1940 – MARCH 1941","outcome","It is not a victory by any definition Rome would like printed, but it is a front that no longer moves, which by December 1940's standard counts as one.","","",""
"LOW","italy","germanRescue41","JANUARY 1941","quote","I would rather owe Hitler an army than owe history the loss of Libya.","","",""
"LOW","italy","germanRescue41","JANUARY 1941","outcome","Both interventions work, militarily — Rommel's Afrika Korps recaptures most of Cyrenaica within weeks, and the Balkans campaign is over in three weeks flat once German mechanized forces are actually committed.","","",""
"LOW","italy","eastAfrica41","MAY 1941","situation","The question left is not whether the empire falls — every supply line to it has been severed since June 1940 — but on what terms the men holding out at Amba Alagi surrender, and what, if anything, is worth doing with the guerrilla option some officers are proposing instead.","","",""
"LOW","italy","eastAfrica41","MAY 1941","outcome","Italy's colonial empire, conquered in 1936, is entirely gone within a year of the wider war reaching it, and the Duke himself dies in British captivity in Kenya the following March, of tuberculosis and exhaustion.","","",""
"LOW","italy","herculesExecution41","FALL 1941","outcome","The wargame's own pessimistic consensus turns out not to be destiny: the undersized lift and a garrison spread thinner than the year's hardening suggested combine into a result the postwar analysts who studied this exact scenario mostly didn't credit — Malta falls to an assault fully half the historical Herkules plan's own minimum requirement.","","",""
"LOW","italy","maltaRetake41","WINTER 1941 – 1942","outcome","A real, continuing commitment rather than a one-time cost: fighter squadrons, coastal artillery, and the shipping to keep both supplied are held back from the desert war specifically to answer a British effort this staff is confident is coming, whatever it ends up costing Rommel's own timetable in the meantime.","","",""
"LOW","italy","maltaRetake41","WINTER 1941 – 1942","outcome","Everything the 1940 gamble bought is spent retrieving it back for Britain — the convoy war to Libya reverts to the same submarine- and air-harassed arithmetic the historical campaign never escaped, on a supply line now additionally strained by whatever this defense cost outright.","","",""
"LOW","italy","maltaRetake41","WINTER 1941 – 1942","quote","Every squadron kept over Malta is a squadron not covering Rommel's convoys.","","",""
"LOW","italy","maltaRetake41","WINTER 1941 – 1942","outcome","What this saves Rommel's own supply picture this season, it risks on the island itself.","","",""
"LOW","italy","maltaRetake41","WINTER 1941 – 1942","outcome","The minimal-investment bet pays off, against a real risk this staff knew it was running: whatever was already on the island in 1940 or 1941 proves enough, this time, to see off a British effort that — by every reading of how much London historically spent chasing far smaller Mediterranean objectives — was unlikely to be a token one.","","",""
"LOW","italy","maltaRetake41","WINTER 1941 – 1942","outcome","The cheaper bet fails the way the odds always said it might: a garrison never reinforced past what 1940 or 1941 originally left there gives a determined Force H and Mediterranean Fleet operation exactly the opening the documented British commitment to this island suggests it would take.","","",""
"LOW","italy","rommelAdvance41","NOVEMBER 1941 – JANUARY 1942","situation","The British Crusader offensive in November has pushed Rommel's combined German-Italian force back out of Cyrenaica just as decisively as Compass did a year earlier — and just as quickly, a resupplied and reorganized Axis force under Rommel counterattacks in January and retakes most of the same ground again, a seesaw that has now happened twice in thirteen months.","","",""
"LOW","italy","rommelAdvance41","NOVEMBER 1941 – JANUARY 1942","situation","What sits underneath the territorial back-and-forth is a command relationship that has never been cleanly settled: Rommel, technically subordinate to Italian theater command under Bastico, in practice makes operational decisions on his own initiative and informs Rome or Bastico's headquarters after the fact more often than before it.","","",""
"LOW","italy","rommelAdvance41","NOVEMBER 1941 – JANUARY 1942","quote","I am the theater commander of record, and I have learned about this counterattack's exact date from Rommel's own dispatches, not from being consulted.","","",""
"LOW","italy","rommelAdvance41","NOVEMBER 1941 – JANUARY 1942","outcome","A genuine assertion of the nominal chain of command slows Rommel's characteristic speed of decision — the trait that produced both his biggest gains and his worst overextensions — in exchange for operations that at least nominally answer to Rome rather than to a German field marshal's own read of the map.","","",""
"LOW","italy","rommelAdvance41","NOVEMBER 1941 – JANUARY 1942","quote","However irregular the arrangement looks on paper, Rommel has retaken Cyrenaica twice as fast as our own staff planning ever projected.","","",""
"LOW","italy","rommelAdvance41","NOVEMBER 1941 – JANUARY 1942","outcome","What actually happened, more or less — Bastico's nominal authority over Rommel was real on paper and only intermittently exercised in practice, a friction historians of the campaign return to repeatedly as an example of an alliance winning battles while never quite resolving who was actually in charge of winning them.","","",""
"LOW","italy","tobruk42","JUNE 1942","situation","Tobruk withstood an eight-month siege in 1941 and became, in the process, something close to a symbol of Commonwealth resistance in the desert war.","","",""
"LOW","italy","tobruk42","JUNE 1942","situation","Rommel, newly promoted to Field Marshal on the strength of this single battle, wants to press the advantage immediately into Egypt rather than pause at the Libyan frontier the original campaign plan called a stopping point.","","",""
"LOW","italy","tobruk42","JUNE 1942","outcome","What actually happened: Rommel presses on past the planned stopping point straight to the Egyptian frontier, reaching El Alamein by early July — the deepest Axis penetration of the entire North African campaign, and also the point at which the advance's own logistics, stretched a thousand miles from the nearest working port, finally run out of the margin Tobruk's captured stocks had briefly disguised.","","",""
"LOW","italy","tobruk42","JUNE 1942","outcome","The cautious option Rommel's own superiors argued for and were overruled on, historically.","","",""
"LOW","italy","alamein42","OCTOBER – NOVEMBER 1942","situation","Montgomery's Eighth Army has spent three months building a materiel advantage in tanks, aircraft, and above all fuel that Rommel's own supply line","","",""
"LOW","italy","alamein42","OCTOBER – NOVEMBER 1942","quote","We hold the line we have and make Montgomery pay by the yard for what he takes.","","",""
"LOW","italy","alamein42","OCTOBER – NOVEMBER 1942","quote","Rommel would rather lose this army defending a line than retreat and be blamed for giving up Egypt's approaches.","","",""
"LOW","italy","torchTunisia42","NOVEMBER 1942","situation","Anglo-American landings across French North Africa on November 8 have opened an entirely new front behind the retreating Axis army at exactly the moment it can least afford one — Vichy French forces in Algeria and Morocco largely stop resisting within days, and the strategic picture in the Mediterranean has inverted: instead of Rommel's army retreating toward safety, it is now being squeezed between Montgomery's pursuit from the east and a fresh Allied army landing to the west, with only Tunisia's mountainous terrain offering any prospect of a defensible pocket to fall back into.","","",""
"LOW","italy","tunisiaCollapse43","MAY 1943","situation","Six months of defense in Tunisia's mountains — genuinely longer than Berlin or Rome expected the position to hold after Torch — ends in a collapse as total, in its own way, as Tunis and Bizerte fall within days of each other and the pocket's remaining defenders, cut off from any further evacuation across a strait the Allied navies and air forces now fully control, are left with nothing but the terms of surrender to decide.","","",""
"LOW","italy","homeFrontBombing43","JUNE – JULY 1943","outcome","Roughly what actually happened — home air defense stayed thin and dispersed through the summer of 1943, and the civilian toll from Allied bombing kept climbing largely unanswered.","","",""
"LOW","italy","sicilyHusky43","JULY 1943","situation","This is, for the first time since the war began, an Allied army fighting on Italian home soil, and the political shockwave in Rome is arriving faster than the military one: the Fascist Grand Council, dormant since 1939, is about to be convened for the first time in years, and everyone in Comando Supremo can read what that convening probably means.","","",""
"LOW","italy","mussoliniCoup43","JULY 25, 1943","outcome","The road essentially no one actually took: in the real July 1943, the officer corps' loyalty to the constitutional monarchy proved deeper than its loyalty to Mussolini personally, and the transition happened with no meaningful resistance from the military.","","",""
"LOW","italy","romeStandoff43","JULY 26, 1943","situation","Marked plainly, up front: everything from here follows a road essentially no one in the real July 1943 actually took, and it is labelled as such rather than folded quietly back into the historical record.","","",""
"LOW","italy","factionSplit43","LATE JULY – AUGUST 1943","outcome","Enforcing loyalty at gunpoint against an officer corps whose actual, documented sympathies ran overwhelmingly the other way produces exactly the kind of internal violence the real transition of July 1943 — bloodless, and by most accounts almost anticlimactic — never had to absorb.","","",""
"LOW","italy","germanExploitation43","AUGUST 1943","situation","One fact does carry over intact from the documented record into this speculative branch: Hitler's own headquarters, distrustful of Rome's intentions from the moment the Grand Council's vote became known, had contingency plans for occupying Italy drawn up well before the historical armistice ever made them necessary.","","",""
"LOW","italy","germanExploitation43","AUGUST 1943","situation","In the war that actually happened, those plans — Achse, Alarich — activated in September against a government that had already, quietly, negotiated terms with the Allies.","","",""
"LOW","italy","civilConflictEnd43","SEPTEMBER 1943","situation","This is the last page of a road essentially no one in the real July and August of 1943 actually took, and the honest verdict this branch has to render is the same one the original choice's own outcome text warned about from the start: the deeper problem underneath every hour of this counterfactual crisis — a losing war, a country that has wanted out of it since Compass, an army whose actual documented loyalty never wavered from the Crown — was never a question this internal Italian conflict could resolve, whichever faction happened to hold the Quirinale by the calendar's end.","","",""
"LOW","italy","armisticeAnnounce43","SEPTEMBER 8, 1943","situation","Eisenhower announces the armistice on Allied radio at 6:30 PM, forcing Badoglio's government to confirm it that same evening — earlier than Rome had wanted, before its own military had been given clear, prepared instructions for what happens next.","","",""
"LOW","italy","armisticeAnnounce43","SEPTEMBER 8, 1943","outcome","Eisenhower's own broadcast schedule cannot be held back on Rome's account for long, and the city falls within the week regardless, but not without a fight this timeline's chaos denied the historical defenders any chance to mount.","","",""
"LOW","italy","armisticeAnnounce43","SEPTEMBER 8, 1943","outcome","The dice on this one land against the gamble: German intelligence, already suspicious of the negotiating silence, uses the extra days to reinforce the Rome garrison faster than Italian units can concentrate, and Operation Achse executes even more completely than its historical version — the delay bought nothing except two additional days under a German occupation that arrives, in the end, just as total.","","",""
"LOW","italy","romeLiberation44","JUNE 1944","outcome","Continuity keeps the wartime administrative machinery running without the disruption a government reorganization brings during an active campaign — at the cost of a broader political legitimacy question left unresolved for longer, one the eventual peace and the 1946 referendum on the monarchy's own future will still have to answer regardless of how long this path defers it.","","",""
"LOW","italy","clnLiaison44","JULY 1944","outcome","Closer to the more assertive end of what Allied and Italian channels actually managed through 1944 — clandestine arms drops and gold shipments did reach CLNAI formations in meaningful, if never sufficient, quantities, a material commitment that helped the northern resistance grow into the force that would eventually help liberate Milan and Turin largely on its own initiative in April 1945.","","",""
"LOW","italy","gothicLine44","AUGUST – DECEMBER 1944","situation","The Co-Belligerent Army, considerably larger and more combat-proven than it was at Salerno fourteen months earlier, is offered a genuine front-line sector for the first time — the campaign's clearest test yet of whether the trust-building since 1943 has actually produced a force Allied command is willing to rely on rather than merely tolerate.","","",""
"LOW","italy","gothicLine44","AUGUST – DECEMBER 1944","outcome","The fuller commitment this path represents mirrors the actual expansion of Italian combat groups into the Gothic Line fighting through late 1944 — formations that by the campaign's final phase are integrated into Allied corps structure as genuine front-line units rather than auxiliary support.","","",""
"LOW","italy","gothicLine44","AUGUST – DECEMBER 1944","outcome","A more conservative commitment through the winter's stalemate preserves the Co-Belligerent Army's strength for the spring 1945 offensive that will finally break the Gothic Line and end the Italian campaign — at the cost of a slightly less complete combat record built up through 1944's fighting, a trade between what this army demonstrably did and what it demonstrably still has left when the decisive push finally comes.","","",""
"LOW","italy","coBelligerentEnding45","APRIL – MAY 1945","situation","The final Allied offensive breaks the Gothic Line in April 1945, and what remains of German Army Group C in Italy surrenders unconditionally on May 2 — five days before the wider European war ends, and the culmination of nineteen months in which what used to be a single Comando Supremo fought its final act as a junior partner in someone else's coalition, on its own soil, against other Italians wearing the same uniforms a year and a half earlier wore alongside it.","","",""
"LOW","italy","coBelligerentEnding45","APRIL – MAY 1945","outcome","Comando Supremo, in any form resembling what it was in 1940, does not survive this campaign's end — its wartime institutions, and the monarchy some of them served, are replaced rather than restored.","","",""
"LOW","italy","alpenvorlandQuestion43","SEPTEMBER – OCTOBER 1943","outcome","Roughly what actually happened — the Republic never seriously contested either zone's removal from its authority for the whole of its twenty-month existence, an acceptance that costs it nothing further to admit and that changes nothing about a fact every officer in this chain of command can read for themselves on any map issued after October 1943: this Republic's sovereignty was conditional, partial, and set by someone else's decree from its very first weeks.","","",""
"LOW","shared","rsiCollapse45","to Badoglio, May 1940","fate","One of the few Old Bolsheviks to survive every purge and outlast Stalin himself, dying peacefully in 1978.","","",""
"LOW","shared","rsiCollapse45","to Badoglio, May 1940","fate","Sidelined from top command after mixed results at Kharkov, but survived the war and Stalin both; died in 1970.","","",""
"LOW","shared","rsiCollapse45","to Badoglio, May 1940","fate","Died in 1945, days after the Berlin victory, from a heart condition worsened by the strain of the job.","","",""
"LOW","shared","rsiCollapse45","to Badoglio, May 1940","bio","Commanded the Stalingrad Front through the city's darkest months, in an uneasy command relationship with Chuikov's more famous defense inside the ruins.","","",""
"LOW","shared","rsiCollapse45","to Badoglio, May 1940","fate","Continued in senior command through the war's end; died in 1970, his role at Stalingrad often overshadowed by Chuikov's.","","",""
"LOW","shared","rsiCollapse45","to Badoglio, May 1940","bio","The face of Soviet diplomacy for two decades — signed the 1939 non-aggression pact with Germany, then the wartime alliance with the powers Germany had made him sign against.","","",""
"LOW","shared","rsiCollapse45","to Badoglio, May 1940","fate","Outlived Stalin, was expelled from the leadership under Khrushchev, and lived to see the Soviet Union he helped build nearly to its final years, dying in 1986.","","",""
"LOW","shared","rsiCollapse45","to Badoglio, May 1940","bio","Coordinated Soviet partisan operations behind German lines, including the mass rail-sabotage campaigns of 1943.","","",""
"LOW","shared","rsiCollapse45","to Badoglio, May 1940","bio","Commanded the defense of the Caucasus oil region against the German summer 1942 offensive, one of the war's most resource-critical fronts.","","",""
"LOW","shared","rsiCollapse45","to Badoglio, May 1940","fate","Arrested after Stalin's death for his ties to Beria, imprisoned for fifteen years, and later published a controversial memoir; died in 1996.","","",""
"LOW","shared","rsiCollapse45","to Badoglio, May 1940","fate","Its wartime powers and personnel were absorbed into SMERSH counter-intelligence in 1943, and later folded into the postwar security apparatus.","","",""
"LOW","shared","rsiCollapse45","to Badoglio, May 1940","bio","Oversaw Britain's amphibious raiding doctrine, including the costly 1942 Dieppe raid whose lessons shaped invasion planning for the rest of the war.","","",""
"LOW","shared","rsiCollapse45","to Badoglio, May 1940","bio","Eisenhower's own deputy supreme commander, and the chief architect of the pre-invasion Transportation Plan against the French rail network.","","",""
"LOW","shared","rsiCollapse45","to Badoglio, May 1940","bio","Commanded Canadian forces training in Britain, and was among the clearest internal skeptics of the 1942 Dieppe raid's plan before it went ahead regardless.","","",""
"LOW","shared","rsiCollapse45","to Badoglio, May 1940","fate","Removed from field command in 1943 amid friction with British planners; later served in Canadian politics and diplomacy.","","",""
"LOW","shared","rsiCollapse45","to Badoglio, May 1940","fate","Dismissed twice; ended the war as Chief of the General Staff, released without trial in 1948.","","",""
"LOW","shared","rsiCollapse45","to Badoglio, May 1940","fate","Implicated — to a degree historians still debate — in the July 20 plot; forced to take poison in October 1944 in exchange for his family's safety, and buried with full honors under a state lie.","","",""
"LOW","shared","rsiCollapse45","to Badoglio, May 1940","bio","Blunt, tireless, and one of few who could tell Hitler no and keep his command.","","",""
"LOW","shared","rsiCollapse45","to Badoglio, May 1940","fate","Encircled in the Ruhr pocket in April 1945; dissolved his army group rather than surrender it, then took his own life in a forest near Duisburg.","","",""
"LOW","shared","rsiCollapse45","to Badoglio, May 1940","bio","Master of the elastic defense, most famously emptying the Seelow trenches ahead of Zhukov's bombardment.","","",""
"LOW","shared","rsiCollapse45","to Badoglio, May 1940","bio","Ran the army's planning through the war's ascendant years, from Case Yellow to Barbarossa, in permanent quiet tension with Hitler's intuitions.","","",""
"LOW","shared","rsiCollapse45","to Badoglio, May 1940","fate","Dismissed in 1942; imprisoned after July 20 and sent to a concentration camp; liberated in 1945, later led the U.S.","","",""
"LOW","shared","rsiCollapse45","to Badoglio, May 1940","bio","The staff officer at Hitler's elbow for the entire war, translating intent into directives across every theater.","","",""
"LOW","shared","rsiCollapse45","to Badoglio, May 1940","fate","Signed the surrender at Reims; convicted at Nuremberg and executed in 1946.","","",""
"LOW","shared","rsiCollapse45","to Badoglio, May 1940","fate","Signed the ratified surrender at Karlshorst; convicted at Nuremberg and executed in 1946.","","",""
"LOW","shared","rsiCollapse45","to Badoglio, May 1940","bio","Hitler's unexpected named successor.","","",""
"LOW","shared","rsiCollapse45","to Badoglio, May 1940","fate","Convicted at Nuremberg; took poison hours before his scheduled execution in 1946.","","",""
"LOW","shared","rsiCollapse45","to Badoglio, May 1940","fate","Captured in 1945; charges were prepared but never tried owing to his health; died in 1953.","","",""
"LOW","shared","rsiCollapse45","to Badoglio, May 1940","fate","Convicted at Nuremberg and executed in 1946, the first of the condemned to hang.","","",""
"LOW","shared","rsiCollapse45","to Badoglio, May 1940","fate","Dismissed in 1942; killed with his family in an air attack in the war's final days, May 1945.","","",""
"LOW","shared","rsiCollapse45","to Badoglio, May 1940","fate","Recalled after the July 20 plot's suspicion touched him; took poison en route to Berlin in August 1944.","","",""
"LOW","shared","rsiCollapse45","to Badoglio, May 1940","bio","The foreign ministry's senior civil servant, running channels and caution beneath Ribbentrop's certainties.","","",""
"LOW","shared","rsiCollapse45","to Badoglio, May 1940","fate","Dismissed in early 1945 after the 'fighter pilots' revolt'; flew jets in combat in the war's last weeks; died in 1996.","","",""
"LOW","shared","rsiCollapse45","to Badoglio, May 1940","bio","Given the improvised Twelfth Army in 1945 and history's most impossible relief order.","","",""
"LOW","shared","rsiCollapse45","to Badoglio, May 1940","fate","Surrendered Berlin to Chuikov; died in Soviet captivity in 1955.","","",""
"LOW","shared","rsiCollapse45","to Badoglio, May 1940","fate","Surrendered Norway's garrison unbeaten in May 1945; died in custody in 1947 awaiting extradition for Balkan-era reprisals.","","",""
"LOW","shared","rsiCollapse45","to Badoglio, May 1940","bio","Led a nuclear effort that was, by 1942, years behind the Allied one — starved of resources and, historians still debate how deliberately, of urgency.","","",""
"LOW","shared","rsiCollapse45","to Badoglio, May 1940","fate","Took his own life in the bunker in May 1945, after he and his wife murdered their six children.","","",""
"LOW","shared","rsiCollapse45","to Badoglio, May 1940","bio","This game treats him as what the record shows at the map table: the strategic center every decision orbited, whose intuitions won the gambles of 1940 and whose refusals — to withdraw, to trade ground, to hear arithmetic — drove the catastrophes after.","","",""
"LOW","shared","rsiCollapse45","to Badoglio, May 1940","fate","Surrendered at Stalingrad in 1943; testified for the prosecution at Nuremberg; died in Dresden in 1957.","","",""
"LOW","shared","rsiCollapse45","to Badoglio, May 1940","bio","Rommel's chief of staff in Africa, later commander of the Panzer Lehr division through Normandy's attrition and the Ardennes.","","",""
"LOW","shared","rsiCollapse45","to Badoglio, May 1940","bio","Staff officer to Rommel, Kesselring, and Rundstedt in turn — the professional connective tissue of three theaters.","","",""
"LOW","shared","rsiCollapse45","to Badoglio, May 1940","bio","Ran Army Group B's staff work through Normandy, kept the command functioning after Rommel's wounding, and carried real, documented ties to the officers behind July 20th that were never conclusively proven.","","",""
"LOW","shared","rsiCollapse45","to Badoglio, May 1940","fate","Arrested in September 1944 on suspicion of complicity in the plot; held but not tried before the war ended.","","",""
"LOW","shared","rsiCollapse45","to Badoglio, May 1940","fate","Rehabilitated after 1945 into a senior NATO command in the 1950s — a rare postwar career for a name that close to the conspiracy.","","",""
"LOW","shared","rsiCollapse45","to Badoglio, May 1940","bio","Ran the day-to-day direction of the wolfpacks under Dönitz for nearly the whole tonnage war.","","",""
"LOW","shared","rsiCollapse45","to Badoglio, May 1940","bio","Halder's successor, who argued hard for Sixth Army's breakout from Stalingrad and lost the argument to the airlift promise.","","",""
"LOW","shared","rsiCollapse45","to Badoglio, May 1940","fate","Dismissed in 1944 after repeated clashes; dismissed from the army entirely without the customary courtesies; died in 1963.","","",""
"LOW","shared","rsiCollapse45","to Badoglio, May 1940","fate","Traded his files to the Americans in 1945; founded and led West Germany's postwar intelligence service until 1968.","","",""
"LOW","shared","rsiCollapse45","to Badoglio, May 1940","bio","Held the central front's command when Bagration struck it, executing the standing no-withdrawal orders as the front dissolved around them.","","",""
"LOW","shared","rsiCollapse45","to Badoglio, May 1940","fate","Relieved during the collapse; died a British prisoner in 1945.","","",""
"LOW","shared","rsiCollapse45","to Badoglio, May 1940","fate","Convicted for Crete-related reprisals, sentence not confirmed; released 1948; died in 1978.","","",""
"LOW","shared","rsiCollapse45","to Badoglio, May 1940","fate","Terboven destroyed himself with dynamite in his bunker in May 1945 rather than surrender.","","",""
"LOW","shared","rsiCollapse45","to Badoglio, May 1940","bio","The final holder of the army's senior staff post, whose last professional act was negotiating with Chuikov in a Berlin basement.","","",""
"LOW","shared","rsiCollapse45","to Badoglio, May 1940","fate","Sidelined by Stalin after the war as too prominent; briefly Defense Minister under Khrushchev; died in 1974.","","",""
"LOW","shared","rsiCollapse45","to Badoglio, May 1940","bio","The general staff's calm center, co-architect of Uranus and Bagration — the professional's professional, trusted by Stalin as few were.","","",""
"LOW","shared","rsiCollapse45","to Badoglio, May 1940","fate","Commanded the 1945 Manchurian campaign; died in 1977.","","",""
"LOW","shared","rsiCollapse45","to Badoglio, May 1940","bio","Arrested and tortured in the purges, released to become one of the war's finest front commanders — his double-axis Bagration plan was argued to Stalin's face, twice.","","",""
"LOW","shared","rsiCollapse45","to Badoglio, May 1940","fate","Mortally wounded in a Ukrainian nationalist ambush in February 1944.","","",""
"LOW","shared","rsiCollapse45","to Badoglio, May 1940","bio","The other half of the race to Berlin, given his chance at the prize by Stalin's deliberately ambiguous boundary line.","","",""
"LOW","shared","rsiCollapse45","to Badoglio, May 1940","fate","Maintained to his death that Berlin could have fallen in February 1945; died in 1982, buried at Volgograd by his own wish.","","",""
"LOW","shared","rsiCollapse45","to Badoglio, May 1940","fate","Died in 1949, still in command in the Transcaucasus.","","",""
"LOW","shared","rsiCollapse45","to Badoglio, May 1940","bio","The coalition's voice and its Mediterranean strategist, wrong and right in equal measure and immovable on the only question that decided 1940.","","",""
"LOW","shared","rsiCollapse45","to Badoglio, May 1940","fate","Lost the 1945 election weeks after victory; returned to office in 1951; buried at Blenheim's parish church in 1965.","","",""
"LOW","shared","rsiCollapse45","to Badoglio, May 1940","bio","Built the American army from almost nothing and argued the earliest possible cross-Channel blow — Churchill called him the war's true architect.","","",""
"LOW","shared","rsiCollapse45","to Badoglio, May 1940","fate","Died in December 1945 from injuries in a road accident in occupied Germany.","","",""
"LOW","shared","rsiCollapse45","to Badoglio, May 1940","bio","The steady operational hand of the American advance, less quotable than Patton and more trusted with an army group.","","",""
"LOW","shared","rsiCollapse45","to Badoglio, May 1940","fate","Retired 1945; died in 1956.","","",""
"LOW","shared","rsiCollapse45","to Badoglio, May 1940","fate","Died in office in April 1945, weeks before the surrender he had defined.","","",""
"LOW","shared","rsiCollapse45","to Badoglio, May 1940","bio","Led the airborne corps at Market Garden; the phrase 'a bridge too far' is attributed to his pre-battle reservation about Arnhem.","","",""
"LOW","shared","rsiCollapse45","to Badoglio, May 1940","bio","The submariner set to catch submariners; his escort-group system and training regime broke the wolfpacks' spring in 1943.","","",""
"LOW","shared","rsiCollapse45","to Badoglio, May 1940","fate","Retired 1945; died in 1951.","","",""
"LOW","shared","rsiCollapse45","to Badoglio, May 1940","bio","Churchill's diplomatic right hand and designated successor, managing the alliance's political seams from Moscow to Washington.","","",""
"LOW","shared","rsiCollapse45","to Badoglio, May 1940","bio","The elder statesman of the American war effort, who killed the Morgenthau Plan's harshest form and oversaw the Manhattan Project's civilian control.","","",""
"LOW","shared","rsiCollapse45","to Badoglio, May 1940","fate","Retired 1945 after arguing the bomb's use and Japan's surrender terms; died in 1950.","","",""
"LOW","shared","rsiCollapse45","to Badoglio, May 1940","fate","Resigned in 1945; led postwar Jewish philanthropy on a vast scale; died in 1967.","","",""
"LOW","shared","rsiCollapse45","to Badoglio, May 1940","bio","Hitler's indispensable gatekeeper, who absorbed Hess's authority and access after the deputy's unauthorized flight to Scotland and never relinquished either.","","",""
"LOW","shared","rsiCollapse45","to Badoglio, May 1940","fate","Died fleeing the bunker in early May 1945 — an SS companion said he took poison rather than be taken alive — though the fact stayed unconfirmed until remains found near Berlin in 1972 were DNA-matched in 1998.","","",""
"LOW","shared","rsiCollapse45","to Badoglio, May 1940","fate","Convicted by a Czechoslovak court and hanged in Prague in October 1946.","","",""
"LOW","shared","rsiCollapse45","to Badoglio, May 1940","bio","A Soviet general taken prisoner in 1942 who agreed to front the German-sponsored Russian Liberation Army, a project the regime funded generously and trusted little.","","",""
"LOW","shared","rsiCollapse45","to Badoglio, May 1940","bio","Led the glider raid that pulled Mussolini out of Gran Sasso captivity in September 1943, the exploit that made his postwar legend.","","",""
"LOW","shared","rsiCollapse45","to Badoglio, May 1940","fate","Tried at Dachau in 1947 over the Ardennes false-flag operation and acquitted; escaped internment in 1948 and settled in Spain, where he died of lung cancer in 1975.","","",""
"LOW","shared","rsiCollapse45","to Badoglio, May 1940","bio","Ran the Foreign Office's quiet Stockholm back-channel probing Soviet intermediaries for a separate peace in late 1943, a track the leadership never seriously authorized.","","",""
"LOW","shared","rsiCollapse45","to Badoglio, May 1940","bio","Held the Romanian front when Bucharest switched sides in August 1944, a collapse no defensive scheme could have absorbed.","","",""
"LOW","shared","rsiCollapse45","to Badoglio, May 1940","fate","Took his own life in the Führerbunker on May 1–2, 1945, alongside Krebs.","","",""
"LOW","shared","rsiCollapse45","to Badoglio, May 1940","bio","One of the Waffen-SS's founding organizers, commanding Seventh Army in the Falaise pocket in August 1944, where he was severely wounded fighting clear of the encirclement.","","",""
"LOW","shared","rsiCollapse45","to Badoglio, May 1940","bio","Led armor committed to stem the German winter 1942 breakout attempts toward the Stalingrad pocket's trapped Sixth Army.","","",""
"LOW","shared","rsiCollapse45","to Badoglio, May 1940","bio","Britain's senior soldier during the Norway campaign's Narvik fighting in spring 1940, a command relationship strained by the campaign's confusion.","","",""
"LOW","shared","rsiCollapse45","to Badoglio, May 1940","bio","Made the call to fall back on Dunkirk in May 1940 rather than fight on for a doomed link-up with French forces to the south.","","",""
"LOW","shared","rsiCollapse45","to Badoglio, May 1940","fate","Later governor of Gibraltar and Malta; died of cancer in 1946.","","",""
"LOW","shared","rsiCollapse45","to Badoglio, May 1940","fate","Sent as ambassador to Washington from 1941; died in 1959.","","",""
"LOW","shared","rsiCollapse45","to Badoglio, May 1940","fate","Killed in a plane crash in the French Alps in November 1944, en route to a new Southeast Asia command.","","",""
"LOW","shared","rsiCollapse45","to Badoglio, May 1940","bio","Ordered convoy PQ-17 to scatter in July 1942 on fragmentary intelligence of the battleship Tirpitz's movements, a decision that cost the convoy most of its ships.","","",""
"LOW","shared","rsiCollapse45","to Badoglio, May 1940","bio","Commanded the covering force for convoy PQ-17 in July 1942 and had argued against the scatter order Pound issued from London.","","",""
"LOW","shared","rsiCollapse45","to Badoglio, May 1940","fate","Retired in 1946; died in 1971.","","",""
"LOW","shared","rsiCollapse45","to Badoglio, May 1940","bio","Ran American intelligence's Swiss listening post, cultivating the resistance contacts that fed Washington's picture of the opposition inside Germany through 1944.","","",""
"LOW","shared","rsiCollapse45","to Badoglio, May 1940","bio","Led the ground column meant to relieve Arnhem's airborne perimeter in September 1944, stalled short by a single blown bridge and a road too narrow for the plan.","","",""
"LOW","shared","rsiCollapse45","to Badoglio, May 1940","fate","Retired in 1949 owing to war wounds; became a television historian and broadcaster; died in 1985.","","",""
"LOW","shared","rsiCollapse45","to Badoglio, May 1940","bio","Commanded the division dropped too far from its objective and left holding a shrinking perimeter through late September 1944.","","",""
"LOW","shared","rsiCollapse45","to Badoglio, May 1940","bio","Took over the Anzio beachhead's stalled corps in the winter siege of early 1944 and led the eventual breakout that spring.","","",""
"LOW","shared","rsiCollapse45","to Badoglio, May 1940","bio","Took Italy into the 'parallel war' on Germany's coattails in 1940, convinced a fast, cheap victory was there to be claimed; presided instead over a series of unforced disasters in Greece and North Africa that made the dependence he'd hoped to avoid unavoidable.","","",""
"LOW","shared","rsiCollapse45","to Badoglio, May 1940","bio","Ran Italy's armed forces through the war's opening disasters and resigned after Greece; recalled by the King in 1943 to negotiate the armistice he had no part in causing.","","",""
"LOW","shared","rsiCollapse45","to Badoglio, May 1940","fate","Found dead, reportedly by his own hand, in September 1943, days after the armistice — accounts of exactly what happened remain disputed.","","",""
"LOW","shared","rsiCollapse45","to Badoglio, May 1940","bio","Took over Comando Supremo amid North Africa's collapsing front in early 1943 — months before Tunisia's final surrender — and became one of the central military figures pressing for a break with Germany that culminated in the July 1943 coup.","","",""
"LOW","shared","rsiCollapse45","to Badoglio, May 1940","bio","Mussolini's son-in-law and foreign minister, increasingly skeptical of the German alliance by 1943; voted with the majority to restore constitutional authority to the King at the Grand Council.","","",""
"LOW","shared","rsiCollapse45","to Badoglio, May 1940","fate","Arrested by the RSI and executed by firing squad at Verona in January 1944 for that vote, on his father-in-law's order.","","",""
"LOW","shared","rsiCollapse45","to Badoglio, May 1940","bio","Stayed largely silent through two decades of Fascist rule, then used his still-intact constitutional authority to dismiss and arrest Mussolini in July 1943 once the Grand Council's own vote gave him the opening.","","",""
"LOW","shared","rsiCollapse45","to Badoglio, May 1940","fate","Abdicated in favor of his son in May 1946 days before the referendum that abolished the monarchy; died in exile in Egypt in 1947.","","",""
"LOW","shared","rsiCollapse45","to Badoglio, May 1940","bio","Signed off on Taranto's harbor defenses without the torpedo nets those defenses assumed were in place, a gap the November 1940 raid exposed in a single night.","","",""
"LOW","shared","rsiCollapse45","to Badoglio, May 1940","fate","Relieved of sea command in 1943 after criticism of his Mediterranean convoy actions; died in 1976.","","",""
"LOW","shared","rsiCollapse45","to Badoglio, May 1940","bio","Held nominal authority over Rommel's Afrika Korps for most of the desert seesaw campaign, an arrangement more often honored on paper than in the field.","","",""
"LOW","shared","rsiCollapse45","to Badoglio, May 1940","bio","Took over the reinforced Tunisia bridgehead in early 1943 and commanded the last organized Axis resistance in North Africa through its final collapse.","","",""
"LOW","shared","rsiCollapse45","to Badoglio, May 1940","fate","Surrendered the last Axis forces in Tunisia in May 1943, promoted to Field Marshal by radio hours beforehand; later served as a postwar senator; died in 1968.","","",""
"LOW","shared","rsiCollapse45","to Badoglio, May 1940","bio","Conducted the covert negotiations with Allied representatives in Lisbon and Sicily that produced the September 1943 armistice.","","",""
"LOW","shared","rsiCollapse45","to Badoglio, May 1940","fate","Captured and shot with Mussolini's group at Dongo in April 1945.","","",""
"LOW","shared","rsiCollapse45","to Badoglio, May 1940","bio","Commanded the Corpo Italiano di Liberazione and later the Gruppo di Combattimento 'Legnano,' the Co-Belligerent Army's combat formations built up through 1943–44 to fight alongside Allied forces.","","",""
"LOW","soviet","border41","JUNE 1941","situation","Operation Barbarossa has struck along the entire frontier with a violence Soviet intelligence assessments insisted was still months away.","","",""
"LOW","soviet","border41","JUNE 1941","situation","Stalin has not been seen in public for two days — the apparatus is, for a moment, functioning without its center.","","",""
"LOW","soviet","border41","JUNE 1941","outcome","Ordering a withdrawal in June 1941 reads, to the men who report on this sort of thing, as exactly the defeatism the standing order exists to punish — and it will be remembered, the next time this decision comes up again.","","",""
"LOW","soviet","smolensk41","JULY – SEPTEMBER 1941","situation","Zhukov has already told Stalin directly that Kiev cannot be held and should be abandoned now, before the trap closes.","","",""
"LOW","soviet","smolensk41","JULY – SEPTEMBER 1941","situation","Stalin's response was to relieve Zhukov of his post as Chief of the General Staff on the spot.","","",""
"LOW","soviet","smolensk41","JULY – SEPTEMBER 1941","outcome","Zhukov's warning was exact and was overruled anyway.","","",""
"LOW","soviet","smolensk41","JULY – SEPTEMBER 1941","outcome","Zhukov's warning was exact and was overruled anyway.","","",""
"LOW","soviet","smolensk41","JULY – SEPTEMBER 1941","outcome","The option Zhukov actually proposed and was fired for proposing.","","",""
"LOW","soviet","smolensk41","JULY – SEPTEMBER 1941","outcome","The option Zhukov actually proposed and was fired for proposing — and this time, being right lands you only in Zhukov's actual chair rather than somewhere worse: relieved of authority over this decision, overruled, but still standing in the room.","","",""
"LOW","soviet","smolensk41","JULY – SEPTEMBER 1941","outcome","Zhukov himself was only relieved of his post for making this exact argument — a demotion, not a disappearance.","","",""
"LOW","soviet","smolensk41","JULY – SEPTEMBER 1941","outcome","Advising the voluntary surrender of a city bearing the name it bears, however sound the reasoning, is not a position the political apparatus of September 1941 is prepared to hear twice from the same officer.","","",""
"LOW","soviet","leningrad41","SEPTEMBER 1941","situation","Hitler's directive is explicit: Leningrad is not to be taken by storm but starved and leveled, denying its population even the option of surrender.","","",""
"LOW","soviet","evacuateIndustry41","JULY – NOVEMBER 1941","outcome","What happened, and it is arguably the single most consequential logistical decision of the Second World War: the evacuated plants, reassembled in the Urals and Siberia — sometimes producing tanks within weeks of arrival, under open sky before the walls went up around them — became the industrial base that out-produced Germany decisively from 1942 onward.","","",""
"LOW","soviet","evacuateIndustry41","JULY – NOVEMBER 1941","quote","There will be no 1943 arithmetic if the 1941 front dissolves for want of shells.","","",""
"LOW","soviet","evacuateIndustry41","JULY – NOVEMBER 1941","outcome","The bill arrives in 1942 and never stops arriving: every tank not built in the Urals is a gap this campaign's later years will quietly account for.","","",""
"LOW","soviet","moscowPanic41","OCTOBER 16, 1941","situation","The question that history turned on was narrower: does Stalin himself go — with everything his departure would tell the city, the army, and the world?","","",""
"LOW","soviet","moscowPanic41","OCTOBER 16, 1941","outcome","The announcement that Stalin remained — capped by the November 7 Revolution Day parade, troops marching through Red Square directly to the front line — is credited by most historians with breaking the panic within days.","","",""
"LOW","soviet","moscowPanic41","OCTOBER 16, 1941","outcome","A plausible projection of the decision Stalin's own train stood ready for — it waited, steam up, while he decided: a full evacuation is the administratively sound choice and the psychologically catastrophic one.","","",""
"LOW","soviet","moscowPanic41","OCTOBER 16, 1941","outcome","The capital's defense continues under Zhukov regardless, but the panic that history's version broke in days runs deeper and longer here, and every soldier holding the Mozhaisk line does so knowing the government did not believe the line would hold.","","",""
"LOW","soviet","lendLease42","1942","outcome","The worst historical face of the route, here: a scattered convoy — as PQ17 really was in July 1942, ordered to disperse against a battleship threat that never materialized, then destroyed piecemeal from the air — costs two-thirds of its ships and forces a months-long suspension of Arctic sailings at the exact moment the southern front needs everything.","","",""
"LOW","soviet","lendLease42","1942","outcome","One considered account of the rebalancing that history performed gradually anyway — by 1943 the Persian Corridor carried more tonnage than the Arctic ever had.","","",""
"LOW","soviet","lendLease42","1942","outcome","Doing it a year early trades 1942 deliveries for 1943 reliability: safer, larger, later.","","",""
"LOW","soviet","rzhevSummer42","JULY – AUGUST 1942","situation","While Case Blue tears open the southern front, Zhukov has his own offensive underway in the center: a push by the Western and Kalinin Fronts to crack the German salient at Rzhev before it can be reinforced from elsewhere.","","",""
"LOW","soviet","rzhevSummer42","JULY – AUGUST 1942","situation","Model's 9th Army has thrown five fresh divisions into the gap and stabilized the line — the advance now runs a village at a time, and every village costs a division's worth of men to take.","","",""
"LOW","soviet","rzhevSummer42","JULY – AUGUST 1942","outcome","What happened: the offensive ran five more weeks past this point, capturing Karmanovo on the 23rd of August and a bridgehead over the Vazuza near Zubtsov — and then stopping, unable to force the shortened line Model had built behind the first collapse.","","",""
"LOW","soviet","order227_42","JULY 1942","outcome","By 1942 the apparatus reaches for commanders less freely than in 1941; it has not stopped reaching entirely, and an officer who edited Order No. 227 into a suggestion has made himself the easiest possible example.","","",""
"LOW","soviet","stalingradStreets42","SEPTEMBER – NOVEMBER 1942","situation","Chuikov's 62nd Army holds a shrinking strip of ruins against the river.","","",""
"LOW","soviet","stalingradStreets42","SEPTEMBER – NOVEMBER 1942","outcome","What happened, and it worked: the hugging doctrine neutralized German air superiority inside the city, turned Sixth Army's strength into a liability fed piecemeal into rubble, and — the strategic point — held the fight in place, consuming German attention and reserves while Uranus massed on the flanks.","","",""
"LOW","soviet","stalingradStreets42","SEPTEMBER – NOVEMBER 1942","outcome","The cost inside the 62nd Army was staggering and Chuikov never pretended otherwise; divisions crossed the Volga and ceased to exist in days.","","",""
"LOW","soviet","stalingradStreets42","SEPTEMBER – NOVEMBER 1942","outcome","The 62nd Army husbands its men better week to week — and likely gets pushed into the Volga sooner, which puts the entire Uranus timetable, built on the city continuing to hold and consume, under pressure it historically never faced.","","",""
"LOW","soviet","southernPursuit43","DECEMBER 1942 – JANUARY 1943","outcome","The safest version of the winter, and the one that leaves the largest German force intact for 1943's battles.","","",""
"LOW","soviet","partisans43","SPRING – SUMMER 1943","situation","The staff's plan — what will become Operation Rail War — proposes coordinated mass attacks on the rail network feeding the German buildup.","","",""
"LOW","soviet","partisans43","SPRING – SUMMER 1943","outcome","The charges go in by the tens of thousands and the disruption is real, but it is track, not locomotives — the rails are relaid faster than they are cut, and the paralysis Ponomarenko promised Stavka does not arrive.","","",""
"LOW","soviet","berlinRivalryIncident45","APRIL 1945","situation","It is quietly the kind of incident every army that has ever fought this way has feared and rarely spoken of afterward — and Stavka now has to decide, with the war a matter of days from ending, what to do about a story that reflects badly on the rivalry Stalin himself engineered.","","",""
"LOW","soviet","berlinAssault45","APRIL 16 – MAY 2, 1945","situation","Between the Oder bridgeheads and Berlin stand the Seelow Heights — the last prepared defensive line of the war, held by everything Heinrici could scrape together and positioned exactly where every Soviet planning map said the main blow must fall.","","",""
"LOW","soviet","berlinAssault45","APRIL 16 – MAY 2, 1945","situation","Zhukov's plan for the opening night is infamous before it begins: a massed night attack behind 143 anti-aircraft searchlights, intended to blind the defenders.","","",""
"LOW","soviet","berlinAssault45","APRIL 16 – MAY 2, 1945","quote","Every day Berlin stands is a day Koniev's tanks get closer to it from the south.","","",""
"LOW","soviet","berlinAssault45","APRIL 16 – MAY 2, 1945","outcome","What happened, and it went wrong in every way the skeptics predicted: the searchlights silhouetted the attackers against their own beams and reflected off battlefield haze into Soviet eyes; Heinrici had already pulled his men off the bombarded first line into the second; and the heights held for three days at a cost in Soviet dead that Zhukov's rivals never let him forget.","","",""
"LOW","soviet","berlinAssault45","APRIL 16 – MAY 2, 1945","outcome","Berlin fell on schedule anyway — May 2 — because by April 1945 no tactical setback could change the arithmetic.","","",""
"LOW","soviet","berlinAssault45","APRIL 16 – MAY 2, 1945","outcome","A plausible projection of the methodical alternative: a properly suppressed Seelow costs a day — a day Koniev's southern axis uses to strengthen its claim on the city, with everything the Zhukov–Koniev rivalry made of such things — and spares a meaningful fraction of the assault's historical casualties.","","",""
"LOW","soviet","berlinAssault45","APRIL 16 – MAY 2, 1945","outcome","Which of those mattered more in April 1945 depends entirely on which map table you were standing at.","","",""
"LOW","soviet","berlinAssault45","APRIL 16 – MAY 2, 1945","quote","Heinrici built his line where our maps said we had to come.","","",""
"LOW","soviet","berlinAssault45","APRIL 16 – MAY 2, 1945","outcome","SPECULATIVE in more than scale here — Koniev's southern axis on Berlin was real, but Rokossovsky's front was historically pointed north, at Stettin and the Baltic coast, in part precisely so it would not become a third claimant on a city Zhukov and Koniev were already racing each other for.","","",""
"LOW","soviet","moscowDefense41","OCTOBER – DECEMBER 1941","outcome","The minority projection, closer to what Zhukov feared than to what happened: the armies drive the Germans from the immediate approaches to Moscow and then stop, their reserves spent and their ammunition short, against a line that has fallen back onto villages it can hold.","","",""
"LOW","soviet","moscowDefense41","OCTOBER – DECEMBER 1941","outcome","It preserves a fresh, uncommitted force for 1942 at the cost of the historical counteroffensive's dramatic reversal — Army Group Center is fought to a halt rather than driven back, and the initiative changes hands more slowly.","","",""
"LOW","soviet","autumnWeight42","AUTUMN 1942","situation","The center: the Rzhev salient still points at Moscow, and Zhukov wants the reserve for a matched pair of offensives, Mars against Rzhev alongside Uranus in the south.","","",""
"LOW","soviet","autumnWeight42","AUTUMN 1942","outcome","What happened — the reserve fed both Mars and Uranus, and the center's share was about to be spent against Model's prepared defense at Rzhev.","","",""
"LOW","soviet","rzhev42","NOVEMBER – DECEMBER 1942","situation","A stubborn German salient at Rzhev, roughly 130 miles from Moscow, has absorbed repeated Soviet offensives through 1942 without breaking.","","",""
"LOW","soviet","rzhev42","NOVEMBER – DECEMBER 1942","situation","As Stavka finalizes the plan that will become Operation Uranus at Stalingrad, Zhukov himself is preparing a second, simultaneous offensive against Rzhev — Operation Mars — arguing the salient still threatens the capital and that German reserves pinned there cannot reinforce the south.","","",""
"LOW","soviet","rzhev42","NOVEMBER – DECEMBER 1942","quote","Uranus is working.","","",""
"LOW","soviet","stalingradCounter42","NOVEMBER 1942","outcome","What happened, November 19–23, 1942.","","",""
"LOW","soviet","stalingradCounter42","NOVEMBER 1942","outcome","Stalingrad still falls and the army is still lost as an army, but what escaped is a thing Manstein can use, and the prisoner count that shocked Berlin is smaller.","","",""
"LOW","soviet","vacuumOverreach43","FEBRUARY 1943","situation","The spearhead is now a salient rather than a front — deep, narrow, and increasingly dependent on supply columns running further behind it every day the advance continues — and German intelligence is reading exactly what this staff would read in the same position: an overextension too tempting for whatever counterstroke capacity Manstein still has not to try.","","",""
"LOW","soviet","vacuumOverreach43","FEBRUARY 1943","outcome","The gamble clears ground the historical offensive never reached: forward elements seize crossings over the Dnieper a full year ahead of the real 1943 fighting for the same river line, on a salient thinner and more exposed than any staff manual would sign off on.","","",""
"LOW","soviet","vacuumOverreach43","FEBRUARY 1943","outcome","What Manstein's counterstroke meets, when it comes, is a front that has already banked a prize this campaign's own historical version spent another year fighting for — whatever the counterstroke costs to answer, it isn't answering nothing.","","",""
"LOW","soviet","vacuumOverreach43","FEBRUARY 1943","outcome","The overextension does exactly what overextensions do: the lead formations outrun both fuel and infantry support, and Manstein's counterstroke doesn't wait for the crossings to be reached — it cuts the salient's neck first.","","",""
"LOW","soviet","vacuumOverreach43","FEBRUARY 1943","outcome","The harder discipline, held a second time in as many decisions: rather than reach for a prize the salient's own supply lines can't yet support defending, the front pulls back onto ground with a real flank and a real rear — costing some of January's gains but denying Manstein's counterstroke the thin, overextended neck it would otherwise be built to cut.","","",""
"LOW","soviet","rostovAftermath43","JANUARY 1943","outcome","What actually happened, and the disciplined reading of a costly winter: the pursuit is called off, the strength it would have spent goes instead into properly exploiting the Stalingrad victory already banked, and Army Group A's survival becomes 1943's problem rather than a debt collected in the mountains at a price this winter's logistics couldn't really afford.","","",""
"LOW","soviet","kharkov43","FEBRUARY – MARCH 1943","situation","German intelligence, and Manstein personally, read the overextension as an opening for exactly the kind of mobile backhand counterstroke the German army no longer has the strength to attempt on any larger scale.","","",""
"LOW","soviet","kharkov43","FEBRUARY – MARCH 1943","outcome","Manstein's counterstroke, spearheaded by SS Panzer divisions, recaptures Kharkov in mid-March — the last major German operational victory in the east, and a sharp reminder that even after Stalingrad the war was not a one-way advance.","","",""
"LOW","soviet","kharkov43","FEBRUARY – MARCH 1943","outcome","Better logistics discipline than the historical overextension keeps enough reserve in hand that Manstein's counterattack achieves less than its historical result.","","",""
"LOW","soviet","kharkov43","FEBRUARY – MARCH 1943","quote","Manstein needs the salient we would hand him at Kharkov.","","",""
"LOW","soviet","kharkov43","FEBRUARY – MARCH 1943","outcome","Most operational historians would still back Manstein to find some opening elsewhere — the man built a career on finding them — but he isn't handed this particular one.","","",""
"LOW","soviet","quietSector43","SPRING 1943","outcome","For an officer in this position in 1943, nothing is close to the best entry available.","","",""
"LOW","soviet","katynRevelation43","APRIL 1943","situation","German radio announces the discovery of mass graves at Katyn Forest — thousands of Polish officers, executed in 1940.","","",""
"LOW","soviet","katynRevelation43","APRIL 1943","outcome","In April 1943 it costs one relationship directly: the Polish government-in-exile in London, already suspicious, breaks diplomatic relations within weeks.","","",""
"LOW","soviet","axis43","AUGUST 1943","situation","West: the Smolensk axis — Operation Suvorov's road, straight toward Belorussia and the shortest geographic line to Germany, into terrain of forests and prepared defensive lines that favors the defender.","","",""
"LOW","soviet","axis43","AUGUST 1943","outcome","The western axis advanced too, took Smolensk, and stalled exactly where its skeptics predicted: in the forests and field fortifications that would wait for Bagration to solve them properly.","","",""
"LOW","soviet","axis43","AUGUST 1943","outcome","What the weighting buys — position for 1944's decisive blow a season early — and what it costs against forests and fortified lines, the next chapter settles in detail.","","",""
"LOW","soviet","smolenskGates43","AUGUST – NOVEMBER 1943","situation","The staff's argument now is between pressing into the fortified Orsha–Vitebsk gateway before winter, or converting the season's gains into forward positioning and letting 1944's blow start from here.","","",""
"LOW","soviet","smolenskGates43","AUGUST – NOVEMBER 1943","outcome","The favorable edge of an honestly contested question: reinforced mass, thrown at Orsha and Vitebsk in enough weight, does more than the smaller historical offensives managed — forward positions gained hold through the season, and the western axis enters 1944 further along than the historical stop line reached.","","",""
"LOW","soviet","smolenskGates43","AUGUST – NOVEMBER 1943","outcome","The consolidation banks the axis shift: 1944's great offensive will launch from positions the historical version spent its opening days reaching, with the armies that would have been spent on winter gateway assaults intact.","","",""
"LOW","soviet","dnieperRace43","AUGUST – NOVEMBER 1943","situation","Hitler has ordered the river held as the 'Eastern Wall' — a fortified line meant to stop the Soviet advance outright.","","",""
"LOW","soviet","dnieperRace43","AUGUST – NOVEMBER 1943","outcome","Soviet troops crossed the Dnieper on log rafts, empty fuel drums, and anything else that floated, seizing dozens of small bridgeheads before German defenses could properly organize along the 'Eastern Wall.' The improvisation worked strategically — the river line never became the fortress Hitler had ordered — at a cost in drowned and killed soldiers high enough that the crossing generated an unusually large number of the war's Hero of the Soviet Union citations, itself a measure of the losses involved.","","",""
"LOW","soviet","easternWallBreach43","NOVEMBER 1943","situation","The extra days bought German engineers what Hitler's order alone never could: a real defensive line along the west bank, not the improvised scramble the historical rushed crossing caught half-finished.","","",""
"LOW","soviet","easternWallBreach43","NOVEMBER 1943","outcome","Slower again, but the fuel this path saves is fuel Bagration will want next summer.","","",""
"LOW","soviet","bagrationSoviet44","JUNE 1944","situation","How far to press it once German lines break is what's actually unresolved — whether Bagration remains a destruction of Army Group Center, or becomes a race for Warsaw and the war's political map.","","",""
"LOW","soviet","bagrationSoviet44","JUNE 1944","outcome","Bagration launches a fortnight later and destroys Army Group Center just as thoroughly, but the spearheads that reach the Vistula in August arrive with fuel in the tanks and a supply chain that has moved up behind them rather than stretched out behind them.","","",""
"LOW","soviet","warsawUprising44","AUGUST 1944","situation","At the same time, the Home Army answers to the Polish government-in-exile in London, a rival to the Soviet-backed committee Stalin has installed at Lublin, and some historians argue that political rivalry shaped what Stavka chose to do next as much as the logistics did.","","",""
"LOW","soviet","warsawRelief44","SEPTEMBER 1944","situation","It changes what August 1944 means for Warsaw without changing what November 1944 will still cost — the garrison across the river hasn't been dislodged, only outflanked, and the political question underneath the halt decision hasn't gone away just because the logistics one broke the other way.","","",""
"LOW","soviet","warsawRelief44","SEPTEMBER 1944","outcome","A rearmed Home Army survives as a fighting force into the winter, and the political question Stalin's installed Lublin committee was built to resolve gets harder to resolve quietly.","","",""
"LOW","soviet","balkans44","AUGUST – OCTOBER 1944","situation","Romania's government overthrows Antonescu and switches sides in August 1944, opening the road south into the Balkans — Bulgaria, Yugoslavia, where Tito's partisans already control large stretches of territory, and eventually Hungary and the approach to Austria.","","",""
"LOW","soviet","balkans44","AUGUST – OCTOBER 1944","outcome","A heavier Soviet military presence on his ground now reads less like solidarity and more like the same pattern that actually produced the 1948 break — just arriving with the Wehrmacht still fighting rather than four years later.","","",""
"LOW","soviet","balkans44","AUGUST – OCTOBER 1944","outcome","Red Army support for the Balkan front was real but secondary to the main effort aimed at the German heartland; Belgrade was liberated with Soviet support, but Tito's own partisans did the bulk of Yugoslavia's liberation without extensive direct Soviet occupation — a fact that mattered again in 1948, when Yugoslavia became the first communist state to break from Moscow's bloc.","","",""
"LOW","soviet","balkans44","AUGUST – OCTOBER 1944","outcome","The one Balkan door the historical Red Army never actually tried, because Moscow's own strategic bargaining — the still-unsigned percentages arrangement Churchill will propose to Stalin in person within weeks — assumed Greece as Britain's alone.","","",""
"LOW","soviet","athensRace44","OCTOBER 1944","outcome","Whatever the percentages agreement Churchill and Stalin sign in Moscow this month says on paper, on the ground it will already have been argued with rifles first.","","",""
"LOW","soviet","athensRace44","OCTOBER 1944","outcome","What happened, in substance if not in this exact staged form: Soviet forces never seriously contested Greece, and Stalin honored the still-unsigned percentages logic almost to the letter once it was formalized — famously declining to support EAM/ELAS even during the Greek Civil War's bloodiest years that followed.","","",""
"LOW","soviet","athensStandoff44","OCTOBER 1944","situation","Nothing in the war's actual diplomacy prepared for this moment — Churchill's percentages proposal to Stalin, still weeks from being formally discussed in Moscow, assumed exactly the opposite.","","",""
"LOW","soviet","athensStandoff44","OCTOBER 1944","outcome","It very likely changes the percentages logic Churchill and Stalin actually settle on — probably not in Greece's favor of full Soviet control, since the British public and Parliament will not accept losing it quietly, but the eventual compromise costs both sides considerably more than the version history recorded, and the alliance's temperature drops noticeably earlier than it in truth did.","","",""
"LOW","soviet","athensStandoff44","OCTOBER 1944","quote","Withdraw before this becomes a reason for Churchill to remember it at every table for the rest of the war.","","",""
"LOW","soviet","athensStandoff44","OCTOBER 1944","outcome","The restraint that, per the historical record, actually characterized Stalin's approach to Greece almost without exception: a fact on the ground that could have been kept is voluntarily surrendered, and the war's real diplomatic logic — Greece as Britain's sphere — reasserts itself close to on schedule.","","",""
"LOW","soviet","athensStandoff44","OCTOBER 1944","outcome","It costs nothing tangible and buys exactly the kind of goodwill that a colder, more suspicious alliance would have had far less of going into 1945.","","",""
"LOW","soviet","polishQuestion45","WINTER 1944–45","outcome","The harder, more honest version of what this whole relief was in fact for: a really independent Polish force enters 1945 still answering to London, which means the postwar argument about who governs Poland arrives at the negotiating table already half-fought in the field rather than settled by default before anyone sat down.","","",""
"LOW","soviet","finnishArmistice44","SEPTEMBER 1944","situation","Finland's government has already answered the writing on the wall — Ryti resigned in August specifically so his own personal promise to Hitler not to seek a separate peace wouldn't bind his successor, and Mannerheim's new government is asking for terms rather than fighting on.","","",""
"LOW","soviet","finnishArmistice44","SEPTEMBER 1944","outcome","What actually happened, signed September 19th: Finland cedes territory beyond even the 1940 losses, pays substantial reparations, and — the term that matters most for the war still being fought — commits to expelling or interning every German soldier still on Finnish soil, a promise that becomes its own brief war in Lapland once Wehrmacht units refuse to simply leave.","","",""
"LOW","soviet","vistulaOder45","JANUARY – FEBRUARY 1945","situation","Zhukov's own staff draft plans for an immediate continuation straight to the capital.","","",""
"LOW","soviet","vistulaOder45","JANUARY – FEBRUARY 1945","situation","Chuikov — the general who will personally take Berlin's ruins in April — later claimed in his memoirs the city could have fallen in February had Stavka pressed on immediately; most professional military historians treat that claim with real skepticism, citing the undefeated German forces still threatening the offensive's flanks in Pomerania and East Prussia.","","",""
"LOW","soviet","vistulaOder45","JANUARY – FEBRUARY 1945","quote","Chuikov sees the map in front of him.","","",""
"LOW","soviet","vistulaOder45","JANUARY – FEBRUARY 1945","outcome","Whether this cost the war a faster ending or prevented a disaster remains debated — Chuikov argued one way in his postwar memoirs, most professional assessments the other — but it is what Zhukov, with the fullest picture available to any single commander, actually chose.","","",""
"LOW","soviet","berlinFeb45","MARCH 1945","situation","The garrison facing them is the same patchwork of Volkssturm, exhausted line divisions, and SS remnants the historical April battle actually fought through — just caught before the Seelow Heights could be dug in three defensive belts deep, and before Heinrici could be brought in to organize them.","","",""
"LOW","soviet","berlinFeb45","MARCH 1945","situation","Zhukov's own staff, in the historical record, thought the city might have fallen this way.","","",""
"LOW","soviet","berlinFeb45","MARCH 1945","outcome","It is not the historical caution — nothing about a Berlin already reached in March is historical — but it is the same instinct Zhukov's real war ran on.","","",""
"LOW","soviet","berlinRace45","APRIL 1945","situation","Western Allied forces have crossed the Rhine and could, by most staff estimates, reach Berlin before Soviet forces if ordered to try — Eisenhower has instead directed the main American thrust toward Leipzig and Dresden, judging the political prize not worth the military cost against a city already assigned to the Soviet occupation zone at Yalta.","","",""
"LOW","soviet","berlinRace45","APRIL 1945","situation","Zhukov and Konev's fronts stand on the Oder, sixty kilometers out, and the only question left in this war is how the final assault is fought.","","",""
"LOW","soviet","berlinRace45","APRIL 1945","outcome","A plausible projection of the more disciplined option: a single, coordinated axis of advance reduces the friendly-fire and coordination failures that a genuine two-front race invites, at some cost in the speed the historical rivalry between Zhukov and Konev in truth produced.","","",""
"LOW","soviet","berlinRace45","APRIL 1945","outcome","Stalin deliberately left the army-group boundary near Berlin ambiguous, and the resulting rivalry between Zhukov and Konev drove both fronts forward at a pace a single coordinated command likely would not have matched — at a real cost in coordination and in the friendly-fire incidents that a converging, competing double envelopment of a single city invited.","","",""
